node_id,motion_idx,frame_start,frame_end
0,0,0,45
1,0,45,90
2,0,90,135
3,0,135,180
4,0,180,225
5,0,225,270
6,0,270,315
7,0,315,360
8,0,360,405
9,0,405,450
10,0,450,495
11,0,495,540
12,0,540,585
13,0,585,630
14,0,630,675
15,0,675,720
16,0,720,765
17,0,765,810
18,0,810,855
19,0,855,900
20,0,900,945
21,0,945,990
22,0,990,1035
23,0,1035,1080
24,0,1080,1125
25,0,1125,1170
26,0,1170,1215
27,0,1215,1260
28,0,1260,1305
29,0,1305,1350
30,0,1350,1395
31,0,1395,1440
32,0,1440,1485
33,0,1485,1530
34,0,1530,1575
35,0,1575,1620
36,0,1620,1665
37,0,1665,1710
38,0,1710,1755
39,0,1755,1800
40,0,1800,1845
41,0,1845,1890
42,0,1890,1935
43,0,1935,1980
44,0,1980,2025
45,0,2025,2070
46,0,2070,2115
47,0,2115,2160
48,0,2160,2205
49,0,2205,2250
50,0,2250,2295
51,0,2295,2340
52,0,2340,2385
53,0,2385,2430
54,0,2430,2475
55,0,2475,2520
56,0,2520,2565
57,0,2565,2610
58,0,2610,2655
59,0,2655,2700
60,0,2700,2745
61,0,2745,2790
62,0,2790,2835
63,0,2835,2880
64,0,2880,2925
65,0,2925,2970
66,0,2970,3015
67,0,3015,3060
68,0,3060,3105
69,0,3105,3150
70,0,3150,3195
71,0,3195,3240
72,0,3240,3285
73,0,3285,3330
74,0,3330,3375
75,0,3375,3420
76,0,3420,3465
77,0,3465,3510
78,0,3510,3555
79,0,3555,3600
80,0,3600,3645
81,0,3645,3690
82,0,3690,3735
83,0,3735,3780
84,0,3780,3825
85,0,3825,3870
86,0,3870,3915
87,0,3915,3960
88,0,3960,4005
89,0,4005,4050
90,0,4050,4095
91,0,4095,4140
92,0,4140,4185
93,0,4185,4230
94,0,4230,4275
95,0,4275,4320
96,0,4320,4365
97,0,4365,4410
98,0,4410,4455
99,0,4455,4500
100,0,4500,4545
101,1,0,45
102,1,45,90
103,1,90,135
104,1,135,180
105,1,180,225
106,1,225,270
107,1,270,315
108,1,315,360
109,1,360,405
110,1,405,450
111,1,450,495
112,1,495,540
113,1,540,585
114,1,585,630
115,1,630,675
116,1,675,720
117,1,720,765
118,1,765,810
119,1,810,855
120,1,855,900
121,1,900,945
122,1,945,990
123,1,990,1035
124,1,1035,1080
125,1,1080,1125
126,1,1125,1170
127,1,1170,1215
128,1,1215,1260
129,1,1260,1305
130,1,1305,1350
131,1,1350,1395
132,1,1395,1440
133,1,1440,1485
134,1,1485,1530
135,1,1530,1575
136,1,1575,1620
137,1,1620,1665
138,1,1665,1710
139,1,1710,1755
140,1,1755,1800
141,1,1800,1845
142,1,1845,1890
143,1,1890,1935
144,1,1935,1980
145,1,1980,2025
146,1,2025,2070
147,1,2070,2115
148,1,2115,2160
149,1,2160,2205
150,1,2205,2250
151,1,2250,2295
152,1,2295,2340
153,1,2340,2385
154,1,2385,2430
155,1,2430,2475
156,1,2475,2520
157,1,2520,2565
158,1,2565,2610
159,1,2610,2655
160,1,2655,2700
161,1,2700,2745
162,1,2745,2790
163,1,2790,2835
164,1,2835,2880
165,1,2880,2925
166,1,2925,2970
167,1,2970,3015
168,1,3015,3060
169,1,3060,3105
170,1,3105,3150
171,1,3150,3195
172,1,3195,3240
173,1,3240,3285
174,1,3285,3330
175,1,3330,3375
176,1,3375,3420
177,1,3420,3465
178,1,3465,3510
179,1,3510,3555
180,1,3555,3600
181,1,3600,3645
182,1,3645,3690
183,1,3690,3735
184,1,3735,3780
185,1,3780,3825
186,1,3825,3870
187,1,3870,3915
188,1,3915,3960
189,1,3960,4005
190,1,4005,4050
191,1,4050,4095
192,1,4095,4140
193,1,4140,4185
194,1,4185,4230
195,1,4230,4275
196,1,4275,4320
197,1,4320,4365
198,1,4365,4410
199,1,4410,4455
200,1,4455,4500
201,1,4500,4545
202,1,4545,4590
203,1,4590,4635
204,1,4635,4680
205,1,4680,4725
206,1,4725,4770
207,1,4770,4815
208,1,4815,4860
209,1,4860,4905
210,1,4905,4950
211,1,4950,4995
212,1,4995,5040
213,1,5040,5085
214,1,5085,5130
215,1,5130,5175
216,1,5175,5220
217,1,5220,5265
218,1,5265,5310
219,1,5310,5355
220,1,5355,5400
221,1,5400,5445
222,1,5445,5490
223,1,5490,5535
224,1,5535,5580
225,1,5580,5625
226,1,5625,5670
227,1,5670,5715
228,1,5715,5760
229,1,5760,5805
230,1,5805,5850
231,1,5850,5895
232,1,5895,5940
233,1,5940,5985
234,1,5985,6030
235,1,6030,6075
236,1,6075,6120
237,1,6120,6165
238,1,6165,6210
239,1,6210,6255
240,1,6255,6300
241,1,6300,6345
242,1,6345,6390
243,1,6390,6435
244,1,6435,6480
245,1,6480,6525
246,1,6525,6570
247,1,6570,6615
248,1,6615,6660
249,1,6660,6705
250,1,6705,6750
251,1,6750,6795
252,1,6795,6840
253,1,6840,6885
254,1,6885,6930
255,1,6930,6975
256,1,6975,7020
257,1,7020,7065
258,1,7065,7110
259,1,7110,7155
260,1,7155,7200
261,1,7200,7245
262,1,7245,7290
263,1,7290,7335
264,1,7335,7380
265,1,7380,7425
266,1,7425,7470
267,1,7470,7515
268,1,7515,7560
269,1,7560,7605
270,1,7605,7650
271,1,7650,7695
272,1,7695,7740
273,1,7740,7785
274,1,7785,7830
275,1,7830,7875
276,1,7875,7920
277,1,7920,7965
278,1,7965,8010
279,1,8010,8055
280,1,8055,8100
281,1,8100,8145
282,1,8145,8190
283,1,8190,8235
284,1,8235,8280
285,1,8280,8325
286,1,8325,8370
287,1,8370,8415
288,1,8415,8460
289,1,8460,8505
290,1,8505,8550
291,1,8550,8595
292,1,8595,8640
293,1,8640,8685
294,1,8685,8730
295,1,8730,8775
296,1,8775,8820
297,1,8820,8865
298,1,8865,8910
299,1,8910,8955
300,1,8955,9000
301,1,9000,9045
302,1,9045,9090
303,1,9090,9135
304,1,9135,9180
305,1,9180,9225
306,1,9225,9270
307,1,9270,9315
308,1,9315,9360
309,1,9360,9405
310,1,9405,9450
311,1,9450,9495
312,1,9495,9540
313,1,9540,9585
314,1,9585,9630
315,1,9630,9675
316,1,9675,9720
317,1,9720,9765
318,1,9765,9810
319,1,9810,9855
320,1,9855,9900
321,1,9900,9945
322,1,9945,9990
323,1,9990,10035
324,1,10035,10080
325,1,10080,10125
326,1,10125,10170
327,1,10170,10215
328,1,10215,10260
329,1,10260,10305
330,1,10305,10350
331,1,10350,10395
332,1,10395,10440
333,1,10440,10485
334,1,10485,10530
335,1,10530,10575
336,2,0,45
337,2,45,90
338,2,90,135
339,2,135,180
340,2,180,225
341,2,225,270
342,2,270,315
343,2,315,360
344,2,360,405
345,2,405,450
346,2,450,495
347,2,495,540
348,2,540,585
349,2,585,630
350,2,630,675
351,2,675,720
352,2,720,765
353,2,765,810
354,2,810,855
355,2,855,900
356,2,900,945
357,2,945,990
358,2,990,1035
359,2,1035,1080
360,2,1080,1125
361,2,1125,1170
362,2,1170,1215
363,2,1215,1260
364,2,1260,1305
365,2,1305,1350
366,2,1350,1395
367,2,1395,1440
368,2,1440,1485
369,2,1485,1530
370,2,1530,1575
371,2,1575,1620
372,2,1620,1665
373,2,1665,1710
374,2,1710,1755
375,2,1755,1800
376,2,1800,1845
377,2,1845,1890
378,2,1890,1935
379,2,1935,1980
380,2,1980,2025
381,2,2025,2070
382,2,2070,2115
383,2,2115,2160
384,2,2160,2205
385,2,2205,2250
386,2,2250,2295
387,2,2295,2340
388,2,2340,2385
389,2,2385,2430
390,2,2430,2475
391,2,2475,2520
392,2,2520,2565
393,2,2565,2610
394,2,2610,2655
395,2,2655,2700
396,2,2700,2745
397,2,2745,2790
398,2,2790,2835
399,2,2835,2880
400,2,2880,2925
401,2,2925,2970
402,2,2970,3015
403,2,3015,3060
404,2,3060,3105
405,2,3105,3150
406,2,3150,3195
407,2,3195,3240
408,2,3240,3285
409,2,3285,3330
410,2,3330,3375
411,2,3375,3420
412,2,3420,3465
413,2,3465,3510
414,2,3510,3555
415,2,3555,3600
416,2,3600,3645
417,2,3645,3690
418,2,3690,3735
419,2,3735,3780
420,2,3780,3825
421,2,3825,3870
422,2,3870,3915
423,2,3915,3960
424,2,3960,4005
425,2,4005,4050
426,2,4050,4095
427,2,4095,4140
428,2,4140,4185
429,2,4185,4230
430,2,4230,4275
431,2,4275,4320
432,2,4320,4365
433,2,4365,4410
434,2,4410,4455
435,2,4455,4500
436,2,4500,4545
437,2,4545,4590
438,2,4590,4635
439,2,4635,4680
440,2,4680,4725
441,2,4725,4770
442,2,4770,4815
443,2,4815,4860
444,2,4860,4905
445,2,4905,4950
446,2,4950,4995
447,2,4995,5040
448,2,5040,5085
449,2,5085,5130
450,2,5130,5175
451,2,5175,5220
452,2,5220,5265
453,2,5265,5310
454,2,5310,5355
455,2,5355,5400
456,2,5400,5445
457,2,5445,5490
458,2,5490,5535
459,2,5535,5580
460,2,5580,5625
461,2,5625,5670
462,2,5670,5715
463,2,5715,5760
464,2,5760,5805
465,2,5805,5850
466,2,5850,5895
467,2,5895,5940
468,2,5940,5985
469,2,5985,6030
470,2,6030,6075
471,2,6075,6120
472,2,6120,6165
473,2,6165,6210
474,2,6210,6255
475,2,6255,6300
476,2,6300,6345
477,2,6345,6390
478,2,6390,6435
479,2,6435,6480
480,2,6480,6525
481,2,6525,6570
482,2,6570,6615
483,2,6615,6660
484,2,6660,6705
485,2,6705,6750
486,2,6750,6795
487,2,6795,6840
488,2,6840,6885
489,2,6885,6930
490,2,6930,6975
491,2,6975,7020
492,2,7020,7065
493,2,7065,7110
494,2,7110,7155
495,2,7155,7200
496,2,7200,7245
497,2,7245,7290
498,2,7290,7335
499,2,7335,7380
500,2,7380,7425
501,2,7425,7470
502,2,7470,7515
503,2,7515,7560
504,2,7560,7605
505,2,7605,7650
506,2,7650,7695
507,2,7695,7740
508,2,7740,7785
509,2,7785,7830
510,2,7830,7875
511,2,7875,7920
512,2,7920,7965
513,2,7965,8010
514,2,8010,8055
515,2,8055,8100
516,2,8100,8145
517,2,8145,8190
518,2,8190,8235
519,2,8235,8280
520,2,8280,8325
521,2,8325,8370
522,3,0,45
523,3,45,90
524,3,90,135
525,3,135,180
526,3,180,225
527,3,225,270
528,3,270,315
529,3,315,360
530,3,360,405
531,3,405,450
532,3,450,495
533,3,495,540
534,3,540,585
535,3,585,630
536,3,630,675
537,3,675,720
538,3,720,765
539,3,765,810
540,3,810,855
541,3,855,900
542,3,900,945
543,3,945,990
544,3,990,1035
545,3,1035,1080
546,3,1080,1125
547,3,1125,1170
548,3,1170,1215
549,3,1215,1260
550,3,1260,1305
551,3,1305,1350
552,3,1350,1395
553,3,1395,1440
554,3,1440,1485
555,3,1485,1530
556,3,1530,1575
557,3,1575,1620
558,3,1620,1665
559,3,1665,1710
560,3,1710,1755
561,3,1755,1800
562,3,1800,1845
563,3,1845,1890
564,3,1890,1935
565,3,1935,1980
566,3,1980,2025
567,3,2025,2070
568,3,2070,2115
569,3,2115,2160
570,3,2160,2205
571,3,2205,2250
572,3,2250,2295
573,3,2295,2340
574,3,2340,2385
575,3,2385,2430
576,3,2430,2475
577,3,2475,2520
578,3,2520,2565
579,3,2565,2610
580,3,2610,2655
581,3,2655,2700
582,3,2700,2745
583,3,2745,2790
584,3,2790,2835
585,3,2835,2880
586,3,2880,2925
587,3,2925,2970
588,3,2970,3015
589,3,3015,3060
590,3,3060,3105
591,3,3105,3150
592,3,3150,3195
593,3,3195,3240
594,3,3240,3285
595,3,3285,3330
596,3,3330,3375
597,3,3375,3420
598,3,3420,3465
599,3,3465,3510
600,3,3510,3555
601,3,3555,3600
602,3,3600,3645
603,3,3645,3690
604,3,3690,3735
605,3,3735,3780
606,3,3780,3825
607,3,3825,3870
608,3,3870,3915
609,3,3915,3960
610,3,3960,4005
611,3,4005,4050
612,3,4050,4095
613,3,4095,4140
614,3,4140,4185
615,3,4185,4230
616,3,4230,4275
617,3,4275,4320
618,3,4320,4365
619,3,4365,4410
620,3,4410,4455
621,3,4455,4500
622,3,4500,4545
623,3,4545,4590
624,3,4590,4635
625,3,4635,4680
626,3,4680,4725
627,3,4725,4770
628,3,4770,4815
629,3,4815,4860
630,3,4860,4905
631,3,4905,4950
632,3,4950,4995
633,3,4995,5040
634,3,5040,5085
635,3,5085,5130
636,3,5130,5175
637,3,5175,5220
638,3,5220,5265
639,3,5265,5310
640,3,5310,5355
641,3,5355,5400
642,3,5400,5445
643,3,5445,5490
644,3,5490,5535
645,3,5535,5580
646,3,5580,5625
647,3,5625,5670
648,3,5670,5715
649,3,5715,5760
650,3,5760,5805
651,3,5805,5850
652,3,5850,5895
653,3,5895,5940
654,3,5940,5985
655,3,5985,6030
656,3,6030,6075
657,3,6075,6120
658,3,6120,6165
659,3,6165,6210
660,3,6210,6255
661,3,6255,6300
662,3,6300,6345
663,3,6345,6390
664,3,6390,6435
665,3,6435,6480
666,3,6480,6525
667,3,6525,6570
668,3,6570,6615
669,3,6615,6660
670,3,6660,6705
671,3,6705,6750
672,3,6750,6795
673,3,6795,6840
674,3,6840,6885
675,3,6885,6930
676,3,6930,6975
677,3,6975,7020
678,3,7020,7065
679,3,7065,7110
680,3,7110,7155
681,3,7155,7200
682,3,7200,7245
683,3,7245,7290
684,3,7290,7335
685,3,7335,7380
686,3,7380,7425
687,3,7425,7470
688,3,7470,7515
689,3,7515,7560
690,3,7560,7605
691,3,7605,7650
692,3,7650,7695
693,3,7695,7740
694,3,7740,7785
695,3,7785,7830
696,3,7830,7875
697,3,7875,7920
698,3,7920,7965
699,3,7965,8010
700,3,8010,8055
701,3,8055,8100
702,3,8100,8145
703,3,8145,8190
704,3,8190,8235
705,3,8235,8280
706,3,8280,8325
707,3,8325,8370
708,3,8370,8415
709,3,8415,8460
710,3,8460,8505
711,3,8505,8550
712,3,8550,8595
713,3,8595,8640
714,3,8640,8685
715,3,8685,8730
716,3,8730,8775
717,3,8775,8820
718,3,8820,8865
719,3,8865,8910
720,3,8910,8955
721,3,8955,9000
722,3,9000,9045
723,3,9045,9090
724,3,9090,9135
725,3,9135,9180
726,3,9180,9225
727,3,9225,9270
728,3,9270,9315
729,3,9315,9360
730,3,9360,9405
731,3,9405,9450
732,3,9450,9495
733,3,9495,9540
734,3,9540,9585
735,3,9585,9630
736,3,9630,9675
737,3,9675,9720
738,3,9720,9765
739,3,9765,9810
740,3,9810,9855
741,3,9855,9900
742,3,9900,9945
743,3,9945,9990
744,3,9990,10035
745,4,0,45
746,4,45,90
747,4,90,135
748,4,135,180
749,4,180,225
750,4,225,270
751,4,270,315
752,4,315,360
753,4,360,405
754,4,405,450
755,4,450,495
756,4,495,540
757,4,540,585
758,4,585,630
759,4,630,675
760,4,675,720
761,4,720,765
762,4,765,810
763,4,810,855
764,4,855,900
765,4,900,945
766,4,945,990
767,4,990,1035
768,4,1035,1080
769,4,1080,1125
770,4,1125,1170
771,4,1170,1215
772,4,1215,1260
773,4,1260,1305
774,4,1305,1350
775,4,1350,1395
776,4,1395,1440
777,4,1440,1485
778,4,1485,1530
779,4,1530,1575
780,4,1575,1620
781,4,1620,1665
782,4,1665,1710
783,4,1710,1755
784,4,1755,1800
785,4,1800,1845
786,4,1845,1890
787,4,1890,1935
788,4,1935,1980
789,4,1980,2025
790,4,2025,2070
791,4,2070,2115
792,4,2115,2160
793,4,2160,2205
794,4,2205,2250
795,4,2250,2295
796,4,2295,2340
797,4,2340,2385
798,4,2385,2430
799,4,2430,2475
800,4,2475,2520
801,4,2520,2565
802,4,2565,2610
803,4,2610,2655
804,4,2655,2700
805,4,2700,2745
806,4,2745,2790
807,4,2790,2835
808,4,2835,2880
809,4,2880,2925
810,4,2925,2970
811,4,2970,3015
812,4,3015,3060
813,4,3060,3105
814,4,3105,3150
815,4,3150,3195
816,4,3195,3240
817,4,3240,3285
818,4,3285,3330
819,4,3330,3375
820,4,3375,3420
821,4,3420,3465
822,4,3465,3510
823,4,3510,3555
824,4,3555,3600
825,4,3600,3645
826,4,3645,3690
827,4,3690,3735
828,4,3735,3780
829,4,3780,3825
830,4,3825,3870
831,4,3870,3915
832,4,3915,3960
833,4,3960,4005
834,4,4005,4050
835,4,4050,4095
836,4,4095,4140
837,4,4140,4185
838,4,4185,4230
839,4,4230,4275
840,4,4275,4320
841,4,4320,4365
842,4,4365,4410
843,4,4410,4455
844,4,4455,4500
845,4,4500,4545
846,4,4545,4590
847,4,4590,4635
848,4,4635,4680
849,4,4680,4725
850,4,4725,4770
851,4,4770,4815
852,4,4815,4860
853,4,4860,4905
854,4,4905,4950
855,4,4950,4995
856,4,4995,5040
857,4,5040,5085
858,4,5085,5130
859,4,5130,5175
860,4,5175,5220
861,4,5220,5265
862,4,5265,5310
863,4,5310,5355
864,4,5355,5400
865,4,5400,5445
866,4,5445,5490
867,4,5490,5535
868,4,5535,5580
869,4,5580,5625
870,4,5625,5670
871,4,5670,5715
872,4,5715,5760
873,4,5760,5805
874,4,5805,5850
875,4,5850,5895
876,4,5895,5940
877,4,5940,5985
878,4,5985,6030
879,4,6030,6075
880,4,6075,6120
881,4,6120,6165
882,4,6165,6210
883,4,6210,6255
884,4,6255,6300
885,4,6300,6345
886,4,6345,6390
887,4,6390,6435
888,4,6435,6480
889,4,6480,6525
890,4,6525,6570
891,4,6570,6615
892,4,6615,6660
893,4,6660,6705
894,4,6705,6750
895,4,6750,6795
896,4,6795,6840
897,4,6840,6885
898,4,6885,6930
899,4,6930,6975
900,4,6975,7020
901,4,7020,7065
902,4,7065,7110
903,4,7110,7155
904,4,7155,7200
905,4,7200,7245
906,4,7245,7290
907,4,7290,7335
908,4,7335,7380
909,4,7380,7425
910,4,7425,7470
911,4,7470,7515
912,4,7515,7560
913,4,7560,7605
914,4,7605,7650
915,4,7650,7695
916,4,7695,7740
917,4,7740,7785
918,4,7785,7830
919,4,7830,7875
920,4,7875,7920
921,4,7920,7965
922,4,7965,8010
923,4,8010,8055
924,4,8055,8100
925,4,8100,8145
926,4,8145,8190
927,4,8190,8235
928,4,8235,8280
929,5,0,45
930,5,45,90
931,5,90,135
932,5,135,180
933,5,180,225
934,5,225,270
935,5,270,315
936,5,315,360
937,5,360,405
938,5,405,450
939,5,450,495
940,5,495,540
941,5,540,585
942,5,585,630
943,5,630,675
944,5,675,720
945,5,720,765
946,5,765,810
947,5,810,855
948,5,855,900
949,5,900,945
950,5,945,990
951,5,990,1035
952,5,1035,1080
953,5,1080,1125
954,5,1125,1170
955,5,1170,1215
956,5,1215,1260
957,5,1260,1305
958,5,1305,1350
959,5,1350,1395
960,5,1395,1440
961,5,1440,1485
962,5,1485,1530
963,5,1530,1575
964,5,1575,1620
965,5,1620,1665
966,5,1665,1710
967,5,1710,1755
968,5,1755,1800
969,5,1800,1845
970,5,1845,1890
971,5,1890,1935
972,5,1935,1980
973,5,1980,2025
974,5,2025,2070
975,5,2070,2115
976,5,2115,2160
977,5,2160,2205
978,5,2205,2250
979,5,2250,2295
980,5,2295,2340
981,5,2340,2385
982,5,2385,2430
983,5,2430,2475
984,5,2475,2520
985,5,2520,2565
986,5,2565,2610
987,5,2610,2655
988,5,2655,2700
989,5,2700,2745
990,5,2745,2790
991,5,2790,2835
992,5,2835,2880
993,5,2880,2925
994,5,2925,2970
995,5,2970,3015
996,5,3015,3060
997,5,3060,3105
998,5,3105,3150
999,5,3150,3195
1000,5,3195,3240
1001,5,3240,3285
1002,5,3285,3330
1003,5,3330,3375
1004,5,3375,3420
1005,5,3420,3465
1006,5,3465,3510
1007,5,3510,3555
1008,5,3555,3600
1009,5,3600,3645
1010,5,3645,3690
1011,5,3690,3735
1012,5,3735,3780
1013,5,3780,3825
1014,5,3825,3870
1015,5,3870,3915
1016,5,3915,3960
1017,5,3960,4005
1018,5,4005,4050
1019,5,4050,4095
1020,5,4095,4140
1021,5,4140,4185
1022,5,4185,4230
1023,5,4230,4275
1024,5,4275,4320
1025,5,4320,4365
1026,5,4365,4410
1027,5,4410,4455
1028,5,4455,4500
1029,5,4500,4545
1030,5,4545,4590
1031,5,4590,4635
1032,5,4635,4680
1033,5,4680,4725
1034,5,4725,4770
1035,5,4770,4815
1036,5,4815,4860
1037,5,4860,4905
1038,5,4905,4950
1039,5,4950,4995
1040,5,4995,5040
1041,5,5040,5085
1042,5,5085,5130
1043,5,5130,5175
1044,5,5175,5220
1045,5,5220,5265
1046,5,5265,5310
1047,5,5310,5355
1048,5,5355,5400
1049,5,5400,5445
1050,5,5445,5490
1051,5,5490,5535
1052,5,5535,5580
1053,5,5580,5625
1054,5,5625,5670
1055,5,5670,5715
1056,5,5715,5760
1057,5,5760,5805
1058,5,5805,5850
1059,5,5850,5895
1060,5,5895,5940
1061,5,5940,5985
1062,5,5985,6030
1063,5,6030,6075
1064,5,6075,6120
1065,5,6120,6165
1066,5,6165,6210
1067,5,6210,6255
1068,5,6255,6300
1069,5,6300,6345
1070,5,6345,6390
1071,5,6390,6435
1072,5,6435,6480
1073,5,6480,6525
1074,5,6525,6570
1075,5,6570,6615
1076,5,6615,6660
1077,5,6660,6705
1078,5,6705,6750
1079,5,6750,6795
1080,5,6795,6840
1081,5,6840,6885
1082,5,6885,6930
1083,5,6930,6975
1084,5,6975,7020
1085,5,7020,7065
1086,5,7065,7110
1087,5,7110,7155
1088,5,7155,7200
1089,5,7200,7245
1090,5,7245,7290
1091,5,7290,7335
1092,5,7335,7380
1093,5,7380,7425
1094,5,7425,7470
1095,5,7470,7515
1096,5,7515,7560
1097,5,7560,7605
1098,5,7605,7650
1099,5,7650,7695
1100,5,7695,7740
1101,5,7740,7785
1102,5,7785,7830
1103,5,7830,7875
1104,5,7875,7920
1105,5,7920,7965
1106,5,7965,8010
1107,5,8010,8055
1108,5,8055,8100
1109,5,8100,8145
1110,5,8145,8190
1111,5,8190,8235
1112,5,8235,8280
1113,5,8280,8325
1114,5,8325,8370
1115,5,8370,8415
1116,5,8415,8460
1117,5,8460,8505
1118,5,8505,8550
1119,5,8550,8595
1120,5,8595,8640
1121,5,8640,8685
1122,5,8685,8730
1123,5,8730,8775
1124,5,8775,8820
1125,5,8820,8865
1126,5,8865,8910
1127,5,8910,8955
1128,5,8955,9000
1129,5,9000,9045
1130,5,9045,9090
1131,5,9090,9135
1132,5,9135,9180
1133,5,9180,9225
1134,5,9225,9270
1135,5,9270,9315
1136,5,9315,9360
1137,5,9360,9405
1138,5,9405,9450
1139,5,9450,9495
1140,5,9495,9540
1141,5,9540,9585
1142,5,9585,9630
1143,5,9630,9675
1144,5,9675,9720
1145,5,9720,9765
1146,5,9765,9810
1147,5,9810,9855
1148,5,9855,9900
1149,6,0,45
1150,6,45,90
1151,6,90,135
1152,6,135,180
1153,6,180,225
1154,6,225,270
1155,6,270,315
1156,6,315,360
1157,6,360,405
1158,6,405,450
1159,6,450,495
1160,6,495,540
1161,6,540,585
1162,6,585,630
1163,6,630,675
1164,6,675,720
1165,6,720,765
1166,6,765,810
1167,6,810,855
1168,6,855,900
1169,6,900,945
1170,6,945,990
1171,6,990,1035
1172,6,1035,1080
1173,6,1080,1125
1174,6,1125,1170
1175,6,1170,1215
1176,6,1215,1260
1177,6,1260,1305
1178,6,1305,1350
1179,6,1350,1395
1180,6,1395,1440
1181,6,1440,1485
1182,6,1485,1530
1183,6,1530,1575
1184,6,1575,1620
1185,6,1620,1665
1186,6,1665,1710
1187,6,1710,1755
1188,6,1755,1800
1189,6,1800,1845
1190,6,1845,1890
1191,6,1890,1935
1192,6,1935,1980
1193,6,1980,2025
1194,6,2025,2070
1195,6,2070,2115
1196,6,2115,2160
1197,6,2160,2205
1198,6,2205,2250
1199,6,2250,2295
1200,6,2295,2340
1201,6,2340,2385
1202,6,2385,2430
1203,6,2430,2475
1204,6,2475,2520
1205,6,2520,2565
1206,6,2565,2610
1207,6,2610,2655
1208,6,2655,2700
1209,6,2700,2745
1210,6,2745,2790
1211,6,2790,2835
1212,6,2835,2880
1213,6,2880,2925
1214,6,2925,2970
1215,6,2970,3015
1216,6,3015,3060
1217,6,3060,3105
1218,6,3105,3150
1219,6,3150,3195
1220,6,3195,3240
1221,6,3240,3285
1222,6,3285,3330
1223,6,3330,3375
1224,6,3375,3420
1225,6,3420,3465
1226,6,3465,3510
1227,6,3510,3555
1228,6,3555,3600
1229,6,3600,3645
1230,6,3645,3690
1231,6,3690,3735
1232,6,3735,3780
1233,6,3780,3825
1234,6,3825,3870
1235,6,3870,3915
1236,6,3915,3960
1237,6,3960,4005
1238,6,4005,4050
1239,6,4050,4095
1240,6,4095,4140
1241,6,4140,4185
1242,6,4185,4230
1243,6,4230,4275
1244,6,4275,4320
1245,6,4320,4365
1246,6,4365,4410
1247,6,4410,4455
1248,6,4455,4500
1249,6,4500,4545
1250,6,4545,4590
1251,6,4590,4635
1252,6,4635,4680
1253,6,4680,4725
1254,6,4725,4770
1255,6,4770,4815
1256,6,4815,4860
1257,6,4860,4905
1258,6,4905,4950
1259,6,4950,4995
1260,6,4995,5040
1261,6,5040,5085
1262,6,5085,5130
1263,6,5130,5175
1264,6,5175,5220
1265,6,5220,5265
1266,6,5265,5310
1267,6,5310,5355
1268,6,5355,5400
1269,6,5400,5445
1270,6,5445,5490
1271,6,5490,5535
1272,6,5535,5580
1273,6,5580,5625
1274,6,5625,5670
1275,6,5670,5715
1276,6,5715,5760
1277,6,5760,5805
1278,6,5805,5850
1279,6,5850,5895
1280,6,5895,5940
1281,6,5940,5985
1282,6,5985,6030
1283,6,6030,6075
1284,6,6075,6120
1285,6,6120,6165
1286,6,6165,6210
1287,6,6210,6255
1288,6,6255,6300
1289,6,6300,6345
1290,6,6345,6390
1291,6,6390,6435
1292,6,6435,6480
1293,6,6480,6525
1294,6,6525,6570
1295,6,6570,6615
1296,6,6615,6660
1297,6,6660,6705
1298,6,6705,6750
1299,6,6750,6795
1300,6,6795,6840
1301,6,6840,6885
1302,6,6885,6930
1303,6,6930,6975
1304,6,6975,7020
1305,6,7020,7065
1306,6,7065,7110
1307,6,7110,7155
1308,6,7155,7200
1309,6,7200,7245
1310,6,7245,7290
1311,6,7290,7335
1312,6,7335,7380
1313,6,7380,7425
1314,6,7425,7470
1315,6,7470,7515
1316,6,7515,7560
1317,6,7560,7605
1318,6,7605,7650
1319,6,7650,7695
1320,6,7695,7740
1321,6,7740,7785
1322,6,7785,7830
1323,6,7830,7875
1324,6,7875,7920
1325,6,7920,7965
1326,6,7965,8010
1327,6,8010,8055
1328,6,8055,8100
1329,6,8100,8145
1330,6,8145,8190
1331,6,8190,8235
1332,6,8235,8280
1333,6,8280,8325
1334,6,8325,8370
1335,6,8370,8415
1336,6,8415,8460
1337,6,8460,8505
1338,6,8505,8550
1339,6,8550,8595
1340,6,8595,8640
1341,7,0,45
1342,7,45,90
1343,7,90,135
1344,7,135,180
1345,7,180,225
1346,7,225,270
1347,7,270,315
1348,7,315,360
1349,7,360,405
1350,7,405,450
1351,7,450,495
1352,7,495,540
1353,7,540,585
1354,7,585,630
1355,7,630,675
1356,7,675,720
1357,7,720,765
1358,7,765,810
1359,7,810,855
1360,7,855,900
1361,7,900,945
1362,7,945,990
1363,7,990,1035
1364,7,1035,1080
1365,7,1080,1125
1366,7,1125,1170
1367,7,1170,1215
1368,7,1215,1260
1369,7,1260,1305
1370,7,1305,1350
1371,7,1350,1395
1372,7,1395,1440
1373,7,1440,1485
1374,7,1485,1530
1375,7,1530,1575
1376,7,1575,1620
1377,7,1620,1665
1378,7,1665,1710
1379,7,1710,1755
1380,7,1755,1800
1381,7,1800,1845
1382,7,1845,1890
1383,7,1890,1935
1384,7,1935,1980
1385,7,1980,2025
1386,7,2025,2070
1387,7,2070,2115
1388,7,2115,2160
1389,7,2160,2205
1390,7,2205,2250
1391,7,2250,2295
1392,7,2295,2340
1393,7,2340,2385
1394,7,2385,2430
1395,7,2430,2475
1396,7,2475,2520
1397,7,2520,2565
1398,7,2565,2610
1399,7,2610,2655
1400,7,2655,2700
1401,7,2700,2745
1402,7,2745,2790
1403,7,2790,2835
1404,7,2835,2880
1405,7,2880,2925
1406,7,2925,2970
1407,7,2970,3015
1408,7,3015,3060
1409,7,3060,3105
1410,7,3105,3150
1411,7,3150,3195
1412,7,3195,3240
1413,7,3240,3285
1414,7,3285,3330
1415,7,3330,3375
1416,7,3375,3420
1417,7,3420,3465
1418,7,3465,3510
1419,7,3510,3555
1420,7,3555,3600
1421,7,3600,3645
1422,7,3645,3690
1423,7,3690,3735
1424,7,3735,3780
1425,7,3780,3825
1426,7,3825,3870
1427,7,3870,3915
1428,7,3915,3960
1429,7,3960,4005
1430,7,4005,4050
1431,7,4050,4095
1432,7,4095,4140
1433,7,4140,4185
1434,7,4185,4230
1435,7,4230,4275
1436,7,4275,4320
1437,7,4320,4365
1438,7,4365,4410
1439,7,4410,4455
1440,7,4455,4500
1441,7,4500,4545
1442,7,4545,4590
1443,7,4590,4635
1444,7,4635,4680
1445,7,4680,4725
1446,7,4725,4770
1447,7,4770,4815
1448,7,4815,4860
1449,7,4860,4905
1450,7,4905,4950
1451,7,4950,4995
1452,7,4995,5040
1453,7,5040,5085
1454,7,5085,5130
1455,7,5130,5175
1456,7,5175,5220
1457,7,5220,5265
1458,7,5265,5310
1459,7,5310,5355
1460,7,5355,5400
1461,7,5400,5445
1462,7,5445,5490
1463,7,5490,5535
1464,7,5535,5580
1465,7,5580,5625
1466,7,5625,5670
1467,7,5670,5715
1468,7,5715,5760
1469,7,5760,5805
1470,7,5805,5850
1471,7,5850,5895
1472,7,5895,5940
1473,7,5940,5985
1474,7,5985,6030
1475,7,6030,6075
1476,7,6075,6120
1477,7,6120,6165
1478,7,6165,6210
1479,7,6210,6255
1480,7,6255,6300
1481,7,6300,6345
1482,7,6345,6390
1483,7,6390,6435
1484,7,6435,6480
1485,7,6480,6525
1486,7,6525,6570
1487,7,6570,6615
1488,7,6615,6660
1489,7,6660,6705
1490,7,6705,6750
1491,7,6750,6795
1492,7,6795,6840
1493,7,6840,6885
1494,7,6885,6930
1495,7,6930,6975
1496,7,6975,7020
1497,7,7020,7065
1498,7,7065,7110
1499,7,7110,7155
1500,7,7155,7200
1501,7,7200,7245
1502,7,7245,7290
1503,7,7290,7335
1504,7,7335,7380
1505,7,7380,7425
1506,7,7425,7470
1507,7,7470,7515
1508,7,7515,7560
1509,7,7560,7605
1510,7,7605,7650
1511,7,7650,7695
1512,7,7695,7740
1513,7,7740,7785
1514,7,7785,7830
1515,7,7830,7875
1516,7,7875,7920
1517,7,7920,7965
1518,7,7965,8010
1519,7,8010,8055
1520,7,8055,8100
1521,7,8100,8145
1522,7,8145,8190
1523,7,8190,8235
1524,7,8235,8280
1525,7,8280,8325
1526,7,8325,8370
1527,7,8370,8415
1528,7,8415,8460
1529,7,8460,8505
1530,7,8505,8550
1531,7,8550,8595
1532,7,8595,8640
1533,7,8640,8685
1534,7,8685,8730
1535,7,8730,8775
1536,7,8775,8820
1537,7,8820,8865
1538,7,8865,8910
1539,7,8910,8955
1540,7,8955,9000
1541,7,9000,9045
1542,7,9045,9090
1543,7,9090,9135
1544,8,0,45
1545,8,45,90
1546,8,90,135
1547,8,135,180
1548,8,180,225
1549,8,225,270
1550,8,270,315
1551,8,315,360
1552,8,360,405
1553,8,405,450
1554,8,450,495
1555,8,495,540
1556,8,540,585
1557,8,585,630
1558,8,630,675
1559,8,675,720
1560,8,720,765
1561,8,765,810
1562,8,810,855
1563,8,855,900
1564,8,900,945
1565,8,945,990
1566,8,990,1035
1567,8,1035,1080
1568,8,1080,1125
1569,8,1125,1170
1570,8,1170,1215
1571,8,1215,1260
1572,8,1260,1305
1573,8,1305,1350
1574,8,1350,1395
1575,8,1395,1440
1576,8,1440,1485
1577,8,1485,1530
1578,8,1530,1575
1579,8,1575,1620
1580,8,1620,1665
1581,8,1665,1710
1582,8,1710,1755
1583,8,1755,1800
1584,8,1800,1845
1585,8,1845,1890
1586,8,1890,1935
1587,8,1935,1980
1588,8,1980,2025
1589,8,2025,2070
1590,8,2070,2115
1591,8,2115,2160
1592,8,2160,2205
1593,8,2205,2250
1594,8,2250,2295
1595,8,2295,2340
1596,8,2340,2385
1597,8,2385,2430
1598,8,2430,2475
1599,8,2475,2520
1600,8,2520,2565
1601,8,2565,2610
1602,8,2610,2655
1603,8,2655,2700
1604,8,2700,2745
1605,8,2745,2790
1606,8,2790,2835
1607,8,2835,2880
1608,8,2880,2925
1609,8,2925,2970
1610,8,2970,3015
1611,8,3015,3060
1612,8,3060,3105
1613,8,3105,3150
1614,8,3150,3195
1615,8,3195,3240
1616,8,3240,3285
1617,8,3285,3330
1618,8,3330,3375
1619,8,3375,3420
1620,8,3420,3465
1621,8,3465,3510
1622,8,3510,3555
1623,8,3555,3600
1624,8,3600,3645
1625,8,3645,3690
1626,8,3690,3735
1627,8,3735,3780
1628,8,3780,3825
1629,8,3825,3870
1630,8,3870,3915
1631,8,3915,3960
1632,8,3960,4005
1633,8,4005,4050
1634,8,4050,4095
1635,8,4095,4140
1636,8,4140,4185
1637,8,4185,4230
1638,8,4230,4275
1639,8,4275,4320
1640,8,4320,4365
1641,8,4365,4410
1642,8,4410,4455
1643,8,4455,4500
1644,8,4500,4545
1645,8,4545,4590
1646,8,4590,4635
1647,8,4635,4680
1648,8,4680,4725
1649,9,0,45
1650,9,45,90
1651,9,90,135
1652,9,135,180
1653,9,180,225
1654,9,225,270
1655,9,270,315
1656,9,315,360
1657,9,360,405
1658,9,405,450
1659,9,450,495
1660,9,495,540
1661,9,540,585
1662,9,585,630
1663,9,630,675
1664,9,675,720
1665,9,720,765
1666,9,765,810
1667,9,810,855
1668,9,855,900
1669,9,900,945
1670,9,945,990
1671,9,990,1035
1672,9,1035,1080
1673,9,1080,1125
1674,9,1125,1170
1675,9,1170,1215
1676,9,1215,1260
1677,9,1260,1305
1678,9,1305,1350
1679,9,1350,1395
1680,9,1395,1440
1681,9,1440,1485
1682,9,1485,1530
1683,9,1530,1575
1684,9,1575,1620
1685,9,1620,1665
1686,9,1665,1710
1687,9,1710,1755
1688,9,1755,1800
1689,9,1800,1845
1690,9,1845,1890
1691,9,1890,1935
1692,9,1935,1980
1693,9,1980,2025
1694,9,2025,2070
1695,9,2070,2115
1696,9,2115,2160
1697,9,2160,2205
1698,9,2205,2250
1699,9,2250,2295
1700,9,2295,2340
1701,9,2340,2385
1702,9,2385,2430
1703,9,2430,2475
1704,9,2475,2520
1705,9,2520,2565
1706,9,2565,2610
1707,9,2610,2655
1708,9,2655,2700
1709,9,2700,2745
1710,9,2745,2790
1711,9,2790,2835
1712,9,2835,2880
1713,9,2880,2925
1714,9,2925,2970
1715,9,2970,3015
1716,9,3015,3060
1717,9,3060,3105
1718,9,3105,3150
1719,9,3150,3195
1720,9,3195,3240
1721,9,3240,3285
1722,9,3285,3330
1723,9,3330,3375
1724,9,3375,3420
1725,9,3420,3465
1726,9,3465,3510
1727,9,3510,3555
1728,9,3555,3600
1729,9,3600,3645
1730,9,3645,3690
1731,9,3690,3735
1732,9,3735,3780
1733,9,3780,3825
1734,9,3825,3870
1735,9,3870,3915
1736,9,3915,3960
1737,9,3960,4005
1738,9,4005,4050
1739,9,4050,4095
1740,9,4095,4140
1741,9,4140,4185
1742,9,4185,4230
1743,9,4230,4275
1744,9,4275,4320
1745,9,4320,4365
1746,9,4365,4410
1747,9,4410,4455
1748,9,4455,4500
1749,9,4500,4545
1750,9,4545,4590
1751,9,4590,4635
1752,9,4635,4680
1753,9,4680,4725
1754,9,4725,4770
1755,9,4770,4815
1756,9,4815,4860
1757,9,4860,4905
1758,9,4905,4950
1759,9,4950,4995
1760,9,4995,5040
1761,9,5040,5085
1762,9,5085,5130
1763,9,5130,5175
1764,9,5175,5220
1765,9,5220,5265
1766,9,5265,5310
1767,9,5310,5355
1768,9,5355,5400
1769,9,5400,5445
1770,9,5445,5490
1771,9,5490,5535
1772,9,5535,5580
1773,9,5580,5625
1774,9,5625,5670
1775,9,5670,5715
1776,9,5715,5760
1777,9,5760,5805
1778,9,5805,5850
1779,9,5850,5895
1780,9,5895,5940
1781,9,5940,5985
1782,9,5985,6030
1783,9,6030,6075
1784,9,6075,6120
1785,9,6120,6165
1786,9,6165,6210
1787,9,6210,6255
1788,9,6255,6300
1789,9,6300,6345
1790,9,6345,6390
1791,9,6390,6435
1792,9,6435,6480
1793,9,6480,6525
1794,9,6525,6570
1795,9,6570,6615
1796,9,6615,6660
1797,9,6660,6705
1798,9,6705,6750
1799,9,6750,6795
1800,9,6795,6840
1801,9,6840,6885
1802,9,6885,6930
1803,9,6930,6975
1804,9,6975,7020
1805,9,7020,7065
1806,9,7065,7110
1807,9,7110,7155
1808,9,7155,7200
1809,9,7200,7245
1810,9,7245,7290
1811,9,7290,7335
1812,9,7335,7380
1813,9,7380,7425
1814,9,7425,7470
1815,9,7470,7515
1816,10,0,45
1817,10,45,90
1818,10,90,135
1819,10,135,180
1820,10,180,225
1821,10,225,270
1822,10,270,315
1823,10,315,360
1824,10,360,405
1825,10,405,450
1826,10,450,495
1827,10,495,540
1828,10,540,585
1829,10,585,630
1830,10,630,675
1831,10,675,720
1832,10,720,765
1833,10,765,810
1834,10,810,855
1835,10,855,900
1836,10,900,945
1837,10,945,990
1838,10,990,1035
1839,10,1035,1080
1840,10,1080,1125
1841,10,1125,1170
1842,10,1170,1215
1843,10,1215,1260
1844,10,1260,1305
1845,10,1305,1350
1846,10,1350,1395
1847,10,1395,1440
1848,10,1440,1485
1849,10,1485,1530
1850,10,1530,1575
1851,10,1575,1620
1852,10,1620,1665
1853,10,1665,1710
1854,10,1710,1755
1855,10,1755,1800
1856,10,1800,1845
1857,10,1845,1890
1858,10,1890,1935
1859,10,1935,1980
1860,10,1980,2025
1861,10,2025,2070
1862,10,2070,2115
1863,10,2115,2160
1864,10,2160,2205
1865,10,2205,2250
1866,10,2250,2295
1867,10,2295,2340
1868,10,2340,2385
1869,10,2385,2430
1870,10,2430,2475
1871,10,2475,2520
1872,10,2520,2565
1873,10,2565,2610
1874,10,2610,2655
1875,10,2655,2700
1876,10,2700,2745
1877,10,2745,2790
1878,10,2790,2835
1879,10,2835,2880
1880,10,2880,2925
1881,10,2925,2970
1882,10,2970,3015
1883,10,3015,3060
1884,10,3060,3105
1885,10,3105,3150
1886,10,3150,3195
1887,10,3195,3240
1888,10,3240,3285
1889,10,3285,3330
1890,10,3330,3375
1891,10,3375,3420
1892,10,3420,3465
1893,10,3465,3510
1894,10,3510,3555
1895,10,3555,3600
1896,10,3600,3645
1897,10,3645,3690
1898,10,3690,3735
1899,10,3735,3780
1900,10,3780,3825
1901,10,3825,3870
1902,10,3870,3915
1903,10,3915,3960
1904,10,3960,4005
1905,10,4005,4050
1906,10,4050,4095
1907,10,4095,4140
1908,10,4140,4185
1909,10,4185,4230
1910,10,4230,4275
1911,10,4275,4320
1912,10,4320,4365
1913,10,4365,4410
1914,10,4410,4455
1915,10,4455,4500
1916,10,4500,4545
1917,10,4545,4590
1918,10,4590,4635
1919,10,4635,4680
1920,10,4680,4725
1921,10,4725,4770
1922,10,4770,4815
1923,10,4815,4860
1924,10,4860,4905
1925,10,4905,4950
1926,10,4950,4995
1927,10,4995,5040
1928,10,5040,5085
1929,10,5085,5130
1930,10,5130,5175
1931,10,5175,5220
1932,10,5220,5265
1933,10,5265,5310
1934,10,5310,5355
1935,10,5355,5400
1936,10,5400,5445
1937,10,5445,5490
1938,10,5490,5535
1939,10,5535,5580
1940,10,5580,5625
1941,11,0,45
1942,11,45,90
1943,11,90,135
1944,11,135,180
1945,11,180,225
1946,11,225,270
1947,11,270,315
1948,11,315,360
1949,11,360,405
1950,11,405,450
1951,11,450,495
1952,11,495,540
1953,11,540,585
1954,11,585,630
1955,11,630,675
1956,11,675,720
1957,11,720,765
1958,11,765,810
1959,11,810,855
1960,11,855,900
1961,11,900,945
1962,11,945,990
1963,11,990,1035
1964,11,1035,1080
1965,11,1080,1125
1966,11,1125,1170
1967,11,1170,1215
1968,11,1215,1260
1969,11,1260,1305
1970,11,1305,1350
1971,11,1350,1395
1972,11,1395,1440
1973,11,1440,1485
1974,11,1485,1530
1975,11,1530,1575
1976,11,1575,1620
1977,11,1620,1665
1978,11,1665,1710
1979,11,1710,1755
1980,11,1755,1800
1981,11,1800,1845
1982,11,1845,1890
1983,11,1890,1935
1984,11,1935,1980
1985,11,1980,2025
1986,11,2025,2070
1987,11,2070,2115
1988,11,2115,2160
1989,11,2160,2205
1990,11,2205,2250
1991,11,2250,2295
1992,11,2295,2340
1993,11,2340,2385
1994,11,2385,2430
1995,11,2430,2475
1996,11,2475,2520
1997,11,2520,2565
1998,11,2565,2610
1999,11,2610,2655
2000,11,2655,2700
2001,11,2700,2745
2002,11,2745,2790
2003,11,2790,2835
2004,11,2835,2880
2005,11,2880,2925
2006,11,2925,2970
2007,11,2970,3015
2008,11,3015,3060
2009,11,3060,3105
2010,11,3105,3150
2011,11,3150,3195
2012,11,3195,3240
2013,11,3240,3285
2014,11,3285,3330
2015,11,3330,3375
2016,11,3375,3420
2017,11,3420,3465
2018,11,3465,3510
2019,11,3510,3555
2020,11,3555,3600
2021,11,3600,3645
2022,11,3645,3690
2023,11,3690,3735
2024,11,3735,3780
2025,11,3780,3825
2026,11,3825,3870
2027,11,3870,3915
2028,11,3915,3960
2029,11,3960,4005
2030,11,4005,4050
2031,11,4050,4095
2032,11,4095,4140
2033,11,4140,4185
2034,11,4185,4230
2035,11,4230,4275
2036,11,4275,4320
2037,11,4320,4365
2038,11,4365,4410
2039,11,4410,4455
2040,11,4455,4500
2041,11,4500,4545
2042,11,4545,4590
2043,11,4590,4635
2044,11,4635,4680
2045,11,4680,4725
2046,11,4725,4770
2047,11,4770,4815
2048,11,4815,4860
2049,11,4860,4905
2050,11,4905,4950
2051,11,4950,4995
2052,11,4995,5040
2053,11,5040,5085
2054,11,5085,5130
2055,11,5130,5175
2056,11,5175,5220
2057,11,5220,5265
2058,11,5265,5310
2059,11,5310,5355
2060,11,5355,5400
2061,11,5400,5445
2062,11,5445,5490
2063,11,5490,5535
2064,11,5535,5580
2065,11,5580,5625
2066,11,5625,5670
2067,11,5670,5715
2068,11,5715,5760
2069,11,5760,5805
2070,11,5805,5850
2071,11,5850,5895
2072,11,5895,5940
2073,11,5940,5985
2074,11,5985,6030
2075,11,6030,6075
2076,11,6075,6120
2077,11,6120,6165
2078,11,6165,6210
2079,11,6210,6255
2080,11,6255,6300
2081,11,6300,6345
2082,11,6345,6390
2083,11,6390,6435
2084,11,6435,6480
2085,11,6480,6525
2086,11,6525,6570
2087,11,6570,6615
2088,11,6615,6660
2089,11,6660,6705
2090,11,6705,6750
2091,11,6750,6795
2092,11,6795,6840
2093,11,6840,6885
2094,11,6885,6930
2095,11,6930,6975
2096,11,6975,7020
2097,11,7020,7065
2098,11,7065,7110
2099,11,7110,7155
2100,11,7155,7200
2101,11,7200,7245
2102,11,7245,7290
2103,11,7290,7335
2104,11,7335,7380
2105,11,7380,7425
2106,11,7425,7470
2107,11,7470,7515
2108,11,7515,7560
2109,11,7560,7605
2110,11,7605,7650
2111,11,7650,7695
2112,11,7695,7740
2113,11,7740,7785
2114,11,7785,7830
2115,11,7830,7875
2116,11,7875,7920
2117,11,7920,7965
2118,11,7965,8010
2119,11,8010,8055
2120,11,8055,8100
2121,11,8100,8145
2122,11,8145,8190
2123,11,8190,8235
2124,11,8235,8280
2125,11,8280,8325
2126,11,8325,8370
2127,11,8370,8415
2128,11,8415,8460
2129,11,8460,8505
2130,11,8505,8550
2131,11,8550,8595
2132,11,8595,8640
2133,11,8640,8685
2134,11,8685,8730
2135,11,8730,8775
2136,11,8775,8820
2137,12,0,45
2138,12,45,90
2139,12,90,135
2140,12,135,180
2141,12,180,225
2142,12,225,270
2143,12,270,315
2144,12,315,360
2145,12,360,405
2146,12,405,450
2147,12,450,495
2148,12,495,540
2149,12,540,585
2150,12,585,630
2151,12,630,675
2152,12,675,720
2153,12,720,765
2154,12,765,810
2155,12,810,855
2156,12,855,900
2157,12,900,945
2158,12,945,990
2159,12,990,1035
2160,12,1035,1080
2161,12,1080,1125
2162,12,1125,1170
2163,12,1170,1215
2164,12,1215,1260
2165,12,1260,1305
2166,12,1305,1350
2167,12,1350,1395
2168,12,1395,1440
2169,12,1440,1485
2170,12,1485,1530
2171,12,1530,1575
2172,12,1575,1620
2173,12,1620,1665
2174,12,1665,1710
2175,12,1710,1755
2176,12,1755,1800
2177,12,1800,1845
2178,12,1845,1890
2179,12,1890,1935
2180,12,1935,1980
2181,12,1980,2025
2182,12,2025,2070
2183,12,2070,2115
2184,12,2115,2160
2185,12,2160,2205
2186,12,2205,2250
2187,12,2250,2295
2188,12,2295,2340
2189,12,2340,2385
2190,12,2385,2430
2191,12,2430,2475
2192,12,2475,2520
2193,12,2520,2565
2194,12,2565,2610
2195,12,2610,2655
2196,12,2655,2700
2197,12,2700,2745
2198,12,2745,2790
2199,12,2790,2835
2200,12,2835,2880
2201,12,2880,2925
2202,12,2925,2970
2203,12,2970,3015
2204,12,3015,3060
2205,12,3060,3105
2206,12,3105,3150
2207,12,3150,3195
2208,12,3195,3240
2209,12,3240,3285
2210,12,3285,3330
2211,12,3330,3375
2212,12,3375,3420
2213,12,3420,3465
2214,12,3465,3510
2215,12,3510,3555
2216,12,3555,3600
2217,12,3600,3645
2218,12,3645,3690
2219,12,3690,3735
2220,12,3735,3780
2221,12,3780,3825
2222,12,3825,3870
2223,12,3870,3915
2224,12,3915,3960
2225,12,3960,4005
2226,12,4005,4050
2227,12,4050,4095
2228,12,4095,4140
2229,12,4140,4185
2230,12,4185,4230
2231,12,4230,4275
2232,12,4275,4320
2233,12,4320,4365
2234,12,4365,4410
2235,12,4410,4455
2236,12,4455,4500
2237,12,4500,4545
2238,12,4545,4590
2239,12,4590,4635
2240,12,4635,4680
2241,12,4680,4725
2242,12,4725,4770
2243,12,4770,4815
2244,12,4815,4860
2245,12,4860,4905
2246,12,4905,4950
2247,12,4950,4995
2248,12,4995,5040
2249,12,5040,5085
2250,12,5085,5130
2251,12,5130,5175
2252,12,5175,5220
2253,12,5220,5265
2254,12,5265,5310
2255,12,5310,5355
2256,12,5355,5400
2257,12,5400,5445
2258,12,5445,5490
2259,12,5490,5535
2260,12,5535,5580
2261,12,5580,5625
2262,12,5625,5670
2263,12,5670,5715
2264,12,5715,5760
2265,12,5760,5805
2266,12,5805,5850
2267,12,5850,5895
2268,12,5895,5940
2269,12,5940,5985
2270,12,5985,6030
2271,12,6030,6075
2272,12,6075,6120
2273,12,6120,6165
2274,13,0,45
2275,13,45,90
2276,13,90,135
2277,13,135,180
2278,13,180,225
2279,13,225,270
2280,13,270,315
2281,13,315,360
2282,13,360,405
2283,13,405,450
2284,13,450,495
2285,13,495,540
2286,13,540,585
2287,13,585,630
2288,13,630,675
2289,13,675,720
2290,13,720,765
2291,13,765,810
2292,13,810,855
2293,13,855,900
2294,13,900,945
2295,13,945,990
2296,13,990,1035
2297,13,1035,1080
2298,13,1080,1125
2299,13,1125,1170
2300,13,1170,1215
2301,13,1215,1260
2302,13,1260,1305
2303,13,1305,1350
2304,13,1350,1395
2305,13,1395,1440
2306,13,1440,1485
2307,13,1485,1530
2308,13,1530,1575
2309,13,1575,1620
2310,13,1620,1665
2311,13,1665,1710
2312,13,1710,1755
2313,13,1755,1800
2314,13,1800,1845
2315,13,1845,1890
2316,13,1890,1935
2317,13,1935,1980
2318,13,1980,2025
2319,13,2025,2070
2320,13,2070,2115
2321,13,2115,2160
2322,13,2160,2205
2323,13,2205,2250
2324,13,2250,2295
2325,13,2295,2340
2326,13,2340,2385
2327,13,2385,2430
2328,13,2430,2475
2329,13,2475,2520
2330,13,2520,2565
2331,13,2565,2610
2332,13,2610,2655
2333,13,2655,2700
2334,13,2700,2745
2335,13,2745,2790
2336,13,2790,2835
2337,13,2835,2880
2338,13,2880,2925
2339,13,2925,2970
2340,13,2970,3015
2341,13,3015,3060
2342,13,3060,3105
2343,13,3105,3150
2344,13,3150,3195
2345,13,3195,3240
2346,13,3240,3285
2347,13,3285,3330
2348,13,3330,3375
2349,13,3375,3420
2350,13,3420,3465
2351,13,3465,3510
2352,13,3510,3555
2353,13,3555,3600
2354,13,3600,3645
2355,13,3645,3690
2356,13,3690,3735
2357,13,3735,3780
2358,13,3780,3825
2359,13,3825,3870
2360,13,3870,3915
2361,13,3915,3960
2362,13,3960,4005
2363,13,4005,4050
2364,13,4050,4095
2365,13,4095,4140
2366,13,4140,4185
2367,13,4185,4230
2368,13,4230,4275
2369,13,4275,4320
2370,13,4320,4365
2371,13,4365,4410
2372,13,4410,4455
2373,13,4455,4500
2374,13,4500,4545
2375,13,4545,4590
2376,13,4590,4635
2377,13,4635,4680
2378,13,4680,4725
2379,13,4725,4770
2380,13,4770,4815
2381,13,4815,4860
2382,13,4860,4905
2383,13,4905,4950
2384,13,4950,4995
2385,13,4995,5040
2386,13,5040,5085
2387,13,5085,5130
2388,13,5130,5175
2389,13,5175,5220
2390,13,5220,5265
2391,13,5265,5310
2392,13,5310,5355
2393,13,5355,5400
2394,13,5400,5445
2395,13,5445,5490
2396,13,5490,5535
2397,13,5535,5580
2398,13,5580,5625
2399,13,5625,5670
2400,13,5670,5715
2401,13,5715,5760
2402,13,5760,5805
2403,13,5805,5850
2404,13,5850,5895
2405,13,5895,5940
2406,13,5940,5985
2407,14,0,45
2408,14,45,90
2409,14,90,135
2410,14,135,180
2411,14,180,225
2412,14,225,270
2413,14,270,315
2414,14,315,360
2415,14,360,405
2416,14,405,450
2417,14,450,495
2418,14,495,540
2419,14,540,585
2420,14,585,630
2421,14,630,675
2422,14,675,720
2423,14,720,765
2424,14,765,810
2425,14,810,855
2426,14,855,900
2427,14,900,945
2428,14,945,990
2429,14,990,1035
2430,14,1035,1080
2431,14,1080,1125
2432,14,1125,1170
2433,14,1170,1215
2434,14,1215,1260
2435,14,1260,1305
2436,14,1305,1350
2437,14,1350,1395
2438,14,1395,1440
2439,14,1440,1485
2440,14,1485,1530
2441,14,1530,1575
2442,14,1575,1620
2443,14,1620,1665
2444,14,1665,1710
2445,14,1710,1755
2446,14,1755,1800
2447,14,1800,1845
2448,14,1845,1890
2449,14,1890,1935
2450,14,1935,1980
2451,14,1980,2025
2452,14,2025,2070
2453,14,2070,2115
2454,14,2115,2160
2455,14,2160,2205
2456,14,2205,2250
2457,14,2250,2295
2458,14,2295,2340
2459,14,2340,2385
2460,14,2385,2430
2461,14,2430,2475
2462,14,2475,2520
2463,14,2520,2565
2464,14,2565,2610
2465,14,2610,2655
2466,14,2655,2700
2467,14,2700,2745
2468,14,2745,2790
2469,14,2790,2835
2470,14,2835,2880
2471,14,2880,2925
2472,14,2925,2970
2473,14,2970,3015
2474,14,3015,3060
2475,14,3060,3105
2476,14,3105,3150
2477,14,3150,3195
2478,14,3195,3240
2479,14,3240,3285
2480,14,3285,3330
2481,14,3330,3375
2482,14,3375,3420
2483,14,3420,3465
2484,14,3465,3510
2485,14,3510,3555
2486,14,3555,3600
2487,14,3600,3645
2488,14,3645,3690
2489,14,3690,3735
2490,14,3735,3780
2491,14,3780,3825
2492,14,3825,3870
2493,14,3870,3915
2494,14,3915,3960
2495,14,3960,4005
2496,14,4005,4050
2497,14,4050,4095
2498,14,4095,4140
2499,14,4140,4185
2500,14,4185,4230
2501,14,4230,4275
2502,14,4275,4320
2503,14,4320,4365
2504,14,4365,4410
2505,14,4410,4455
2506,14,4455,4500
2507,14,4500,4545
2508,14,4545,4590
2509,14,4590,4635
2510,14,4635,4680
2511,14,4680,4725
2512,14,4725,4770
2513,14,4770,4815
2514,14,4815,4860
2515,14,4860,4905
2516,14,4905,4950
2517,14,4950,4995
2518,14,4995,5040
2519,14,5040,5085
2520,14,5085,5130
2521,14,5130,5175
2522,14,5175,5220
2523,14,5220,5265
2524,14,5265,5310
2525,14,5310,5355
2526,14,5355,5400
2527,14,5400,5445
2528,14,5445,5490
2529,14,5490,5535
2530,14,5535,5580
2531,14,5580,5625
2532,14,5625,5670
2533,14,5670,5715
2534,14,5715,5760
2535,14,5760,5805
2536,14,5805,5850
2537,14,5850,5895
2538,14,5895,5940
2539,14,5940,5985
2540,14,5985,6030
2541,14,6030,6075
2542,14,6075,6120
2543,14,6120,6165
2544,14,6165,6210
2545,14,6210,6255
2546,14,6255,6300
2547,14,6300,6345
2548,14,6345,6390
2549,14,6390,6435
2550,14,6435,6480
2551,14,6480,6525
2552,14,6525,6570
2553,14,6570,6615
2554,14,6615,6660
2555,14,6660,6705
2556,14,6705,6750
2557,14,6750,6795
2558,14,6795,6840
2559,14,6840,6885
2560,14,6885,6930
2561,14,6930,6975
2562,14,6975,7020
2563,15,0,45
2564,15,45,90
2565,15,90,135
2566,15,135,180
2567,15,180,225
2568,15,225,270
2569,15,270,315
2570,15,315,360
2571,15,360,405
2572,15,405,450
2573,15,450,495
2574,15,495,540
2575,15,540,585
2576,16,0,45
2577,16,45,90
2578,16,90,135
2579,16,135,180
2580,16,180,225
2581,16,225,270
2582,19,0,45
2583,19,45,90
2584,19,90,135
2585,19,135,180
2586,19,180,225
2587,19,225,270
2588,19,270,315
2589,19,315,360
2590,19,360,405
2591,19,405,450
2592,20,0,45
2593,20,45,90
2594,20,90,135
2595,20,135,180
2596,20,180,225
2597,20,225,270
2598,20,270,315
2599,20,315,360
2600,20,360,405
2601,20,405,450
2602,20,450,495
2603,20,495,540
2604,20,540,585
2605,20,585,630
2606,20,630,675
2607,20,675,720
2608,20,720,765
2609,20,765,810
2610,20,810,855
2611,20,855,900
2612,20,900,945
2613,20,945,990
2614,20,990,1035
2615,20,1035,1080
2616,20,1080,1125
2617,20,1125,1170
2618,20,1170,1215
2619,20,1215,1260
2620,20,1260,1305
2621,20,1305,1350
2622,20,1350,1395
2623,20,1395,1440
2624,20,1440,1485
2625,20,1485,1530
2626,20,1530,1575
2627,20,1575,1620
2628,20,1620,1665
2629,20,1665,1710
2630,20,1710,1755
2631,20,1755,1800
2632,20,1800,1845
2633,20,1845,1890
2634,20,1890,1935
2635,20,1935,1980
2636,20,1980,2025
2637,20,2025,2070
2638,20,2070,2115
2639,20,2115,2160
2640,20,2160,2205
2641,20,2205,2250
2642,23,0,45
2643,23,45,90
2644,23,90,135
2645,23,135,180
2646,23,180,225
2647,23,225,270
2648,23,270,315
2649,23,315,360
2650,23,360,405
2651,23,405,450
2652,23,450,495
2653,23,495,540
2654,23,540,585
2655,23,585,630
2656,23,630,675
2657,23,675,720
2658,23,720,765
2659,23,765,810
2660,23,810,855
2661,23,855,900
2662,23,900,945
2663,23,945,990
2664,23,990,1035
2665,23,1035,1080
2666,23,1080,1125
2667,23,1125,1170
2668,23,1170,1215
2669,23,1215,1260
2670,23,1260,1305
2671,23,1305,1350
2672,23,1350,1395
2673,23,1395,1440
2674,23,1440,1485
2675,23,1485,1530
2676,23,1530,1575
2677,23,1575,1620
2678,23,1620,1665
2679,23,1665,1710
2680,23,1710,1755
2681,23,1755,1800
2682,23,1800,1845
2683,24,0,45
2684,24,45,90
2685,24,90,135
2686,24,135,180
2687,24,180,225
2688,24,225,270
2689,24,270,315
2690,24,315,360
2691,24,360,405
2692,24,405,450
2693,24,450,495
2694,24,495,540
2695,24,540,585
2696,24,585,630
2697,24,630,675
2698,24,675,720
2699,24,720,765
2700,24,765,810
2701,24,810,855
2702,24,855,900
2703,24,900,945
2704,24,945,990
2705,24,990,1035
2706,24,1035,1080
2707,24,1080,1125
2708,24,1125,1170
2709,24,1170,1215
2710,24,1215,1260
2711,24,1260,1305
2712,24,1305,1350
2713,24,1350,1395
2714,24,1395,1440
2715,24,1440,1485
2716,24,1485,1530
2717,24,1530,1575
2718,24,1575,1620
2719,24,1620,1665
2720,24,1665,1710
2721,24,1710,1755
2722,24,1755,1800
2723,24,1800,1845
2724,24,1845,1890
2725,24,1890,1935
2726,24,1935,1980
2727,24,1980,2025
2728,24,2025,2070
2729,24,2070,2115
2730,24,2115,2160
2731,24,2160,2205
2732,24,2205,2250
2733,24,2250,2295
2734,24,2295,2340
2735,24,2340,2385
2736,24,2385,2430
2737,24,2430,2475
2738,24,2475,2520
2739,24,2520,2565
2740,24,2565,2610
2741,24,2610,2655
2742,24,2655,2700
2743,24,2700,2745
2744,24,2745,2790
2745,24,2790,2835
2746,24,2835,2880
2747,24,2880,2925
2748,24,2925,2970
2749,24,2970,3015
2750,24,3015,3060
2751,24,3060,3105
2752,24,3105,3150
2753,24,3150,3195
2754,24,3195,3240
2755,24,3240,3285
2756,24,3285,3330
2757,24,3330,3375
2758,24,3375,3420
2759,24,3420,3465
2760,24,3465,3510
2761,24,3510,3555
2762,24,3555,3600
2763,24,3600,3645
2764,24,3645,3690
2765,24,3690,3735
2766,24,3735,3780
2767,24,3780,3825
2768,24,3825,3870
2769,24,3870,3915
2770,24,3915,3960
2771,24,3960,4005
2772,24,4005,4050
2773,24,4050,4095
2774,24,4095,4140
2775,24,4140,4185
2776,24,4185,4230
2777,24,4230,4275
2778,24,4275,4320
2779,24,4320,4365
2780,24,4365,4410
2781,25,0,45
2782,25,45,90
2783,25,90,135
2784,25,135,180
2785,25,180,225
2786,25,225,270
2787,25,270,315
2788,25,315,360
2789,25,360,405
2790,25,405,450
2791,25,450,495
2792,25,495,540
2793,25,540,585
2794,25,585,630
2795,25,630,675
2796,25,675,720
2797,25,720,765
2798,25,765,810
2799,25,810,855
2800,25,855,900
2801,25,900,945
2802,25,945,990
2803,25,990,1035
2804,25,1035,1080
2805,25,1080,1125
2806,25,1125,1170
2807,25,1170,1215
2808,25,1215,1260
2809,25,1260,1305
2810,25,1305,1350
2811,25,1350,1395
2812,25,1395,1440
2813,25,1440,1485
2814,25,1485,1530
2815,25,1530,1575
2816,25,1575,1620
2817,25,1620,1665
2818,25,1665,1710
2819,25,1710,1755
2820,25,1755,1800
2821,25,1800,1845
2822,25,1845,1890
2823,25,1890,1935
2824,25,1935,1980
2825,25,1980,2025
2826,25,2025,2070
2827,25,2070,2115
2828,25,2115,2160
2829,25,2160,2205
2830,25,2205,2250
2831,25,2250,2295
2832,25,2295,2340
2833,25,2340,2385
2834,25,2385,2430
2835,25,2430,2475
2836,25,2475,2520
2837,25,2520,2565
2838,25,2565,2610
2839,25,2610,2655
2840,25,2655,2700
2841,25,2700,2745
2842,25,2745,2790
2843,25,2790,2835
2844,25,2835,2880
2845,25,2880,2925
2846,25,2925,2970
2847,25,2970,3015
2848,25,3015,3060
2849,25,3060,3105
2850,25,3105,3150
2851,25,3150,3195
2852,25,3195,3240
2853,25,3240,3285
2854,25,3285,3330
2855,25,3330,3375
2856,25,3375,3420
2857,25,3420,3465
2858,25,3465,3510
2859,25,3510,3555
2860,25,3555,3600
2861,25,3600,3645
2862,25,3645,3690
2863,25,3690,3735
2864,25,3735,3780
2865,25,3780,3825
2866,25,3825,3870
2867,25,3870,3915
2868,25,3915,3960
2869,25,3960,4005
2870,25,4005,4050
2871,26,0,45
2872,26,45,90
2873,26,90,135
2874,26,135,180
2875,26,180,225
2876,26,225,270
2877,26,270,315
2878,26,315,360
2879,26,360,405
2880,26,405,450
2881,26,450,495
2882,26,495,540
2883,26,540,585
2884,26,585,630
2885,26,630,675
2886,26,675,720
2887,27,0,45
2888,27,45,90
2889,27,90,135
2890,27,135,180
2891,27,180,225
2892,27,225,270
2893,27,270,315
2894,27,315,360
2895,27,360,405
2896,27,405,450
2897,27,450,495
2898,27,495,540
2899,27,540,585
2900,27,585,630
2901,27,630,675
2902,27,675,720
2903,28,0,45
2904,28,45,90
2905,28,90,135
2906,28,135,180
2907,28,180,225
2908,28,225,270
2909,28,270,315
2910,28,315,360
2911,28,360,405
2912,28,405,450
2913,28,450,495
2914,28,495,540
2915,28,540,585
2916,28,585,630
2917,28,630,675
2918,28,675,720
2919,28,720,765
2920,28,765,810
2921,29,0,45
2922,29,45,90
2923,29,90,135
2924,29,135,180
2925,29,180,225
2926,29,225,270
2927,29,270,315
2928,29,315,360
2929,29,360,405
2930,29,405,450
2931,29,450,495
2932,29,495,540
2933,29,540,585
2934,29,585,630
2935,30,0,45
2936,30,45,90
2937,30,90,135
2938,30,135,180
2939,30,180,225
2940,30,225,270
2941,30,270,315
2942,30,315,360
2943,30,360,405
2944,30,405,450
2945,31,0,45
2946,31,45,90
2947,31,90,135
2948,31,135,180
2949,31,180,225
2950,31,225,270
2951,31,270,315
2952,31,315,360
2953,31,360,405
2954,31,405,450
2955,31,450,495
2956,31,495,540
2957,31,540,585
2958,32,0,45
2959,32,45,90
2960,32,90,135
2961,32,135,180
2962,32,180,225
2963,32,225,270
2964,32,270,315
2965,32,315,360
2966,32,360,405
2967,32,405,450
2968,32,450,495
2969,32,495,540
2970,32,540,585
2971,32,585,630
2972,32,630,675
2973,32,675,720
2974,32,720,765
2975,32,765,810
2976,32,810,855
2977,33,0,45
2978,33,45,90
2979,33,90,135
2980,33,135,180
2981,33,180,225
2982,33,225,270
2983,34,0,45
2984,34,45,90
2985,34,90,135
2986,34,135,180
2987,34,180,225
2988,34,225,270
2989,37,0,45
2990,37,45,90
2991,37,90,135
2992,37,135,180
2993,37,180,225
2994,37,225,270
2995,37,270,315
2996,37,315,360
2997,37,360,405
2998,37,405,450
2999,37,450,495
3000,37,495,540
3001,37,540,585
3002,37,585,630
3003,37,630,675
3004,37,675,720
3005,37,720,765
3006,38,0,45
3007,38,45,90
3008,38,90,135
3009,38,135,180
3010,38,180,225
3011,38,225,270
3012,38,270,315
3013,38,315,360
3014,38,360,405
3015,38,405,450
3016,38,450,495
3017,38,495,540
3018,38,540,585
3019,38,585,630
3020,38,630,675
3021,38,675,720
3022,38,720,765
3023,38,765,810
3024,38,810,855
3025,39,0,45
3026,39,45,90
3027,39,90,135
3028,39,135,180
3029,39,180,225
3030,39,225,270
3031,39,270,315
3032,39,315,360
3033,39,360,405
3034,39,405,450
3035,39,450,495
3036,39,495,540
3037,39,540,585
3038,39,585,630
3039,39,630,675
3040,39,675,720
3041,39,720,765
3042,40,0,45
3043,40,45,90
3044,40,90,135
3045,40,135,180
3046,40,180,225
3047,40,225,270
3048,40,270,315
3049,40,315,360
3050,40,360,405
3051,40,405,450
3052,40,450,495
3053,40,495,540
3054,40,540,585
3055,40,585,630
3056,40,630,675
3057,40,675,720
3058,40,720,765
3059,40,765,810
3060,40,810,855
3061,40,855,900
3062,40,900,945
3063,40,945,990
3064,40,990,1035
3065,40,1035,1080
3066,40,1080,1125
3067,41,0,45
3068,41,45,90
3069,41,90,135
3070,41,135,180
3071,41,180,225
3072,41,225,270
3073,41,270,315
3074,41,315,360
3075,41,360,405
3076,41,405,450
3077,41,450,495
3078,41,495,540
3079,41,540,585
3080,41,585,630
3081,41,630,675
3082,42,0,45
3083,42,45,90
3084,42,90,135
3085,42,135,180
3086,42,180,225
3087,42,225,270
3088,42,270,315
3089,42,315,360
3090,42,360,405
3091,42,405,450
3092,42,450,495
3093,42,495,540
3094,43,0,45
3095,43,45,90
3096,43,90,135
3097,43,135,180
3098,43,180,225
3099,43,225,270
3100,43,270,315
3101,43,315,360
3102,44,0,45
3103,44,45,90
3104,44,90,135
3105,44,135,180
3106,44,180,225
3107,44,225,270
3108,44,270,315
3109,44,315,360
3110,44,360,405
3111,44,405,450
3112,44,450,495
3113,44,495,540
3114,44,540,585
3115,44,585,630
3116,44,630,675
3117,44,675,720
3118,44,720,765
3119,44,765,810
3120,44,810,855
3121,44,855,900
3122,44,900,945
3123,44,945,990
3124,45,0,45
3125,45,45,90
3126,45,90,135
3127,45,135,180
3128,45,180,225
3129,45,225,270
3130,45,270,315
3131,45,315,360
3132,45,360,405
3133,45,405,450
3134,45,450,495
3135,45,495,540
3136,45,540,585
3137,45,585,630
3138,45,630,675
3139,45,675,720
3140,45,720,765
3141,45,765,810
3142,45,810,855
3143,45,855,900
3144,45,900,945
3145,45,945,990
3146,45,990,1035
3147,45,1035,1080
3148,45,1080,1125
3149,45,1125,1170
3150,45,1170,1215
3151,45,1215,1260
3152,45,1260,1305
3153,45,1305,1350
3154,45,1350,1395
3155,45,1395,1440
3156,45,1440,1485
3157,45,1485,1530
3158,45,1530,1575
3159,45,1575,1620
3160,45,1620,1665
3161,45,1665,1710
3162,46,0,45
3163,46,45,90
3164,46,90,135
3165,46,135,180
3166,46,180,225
3167,46,225,270
3168,46,270,315
3169,46,315,360
3170,46,360,405
3171,46,405,450
3172,46,450,495
3173,46,495,540
3174,46,540,585
3175,46,585,630
3176,46,630,675
3177,46,675,720
3178,46,720,765
3179,46,765,810
3180,46,810,855
3181,46,855,900
3182,46,900,945
3183,46,945,990
3184,46,990,1035
3185,46,1035,1080
3186,46,1080,1125
3187,46,1125,1170
3188,46,1170,1215
3189,46,1215,1260
3190,46,1260,1305
3191,47,0,45
3192,47,45,90
3193,47,90,135
3194,47,135,180
3195,47,180,225
3196,47,225,270
3197,47,270,315
3198,47,315,360
3199,47,360,405
3200,47,405,450
3201,47,450,495
3202,47,495,540
3203,47,540,585
3204,47,585,630
3205,48,0,45
3206,48,45,90
3207,48,90,135
3208,48,135,180
3209,48,180,225
3210,48,225,270
3211,48,270,315
3212,48,315,360
3213,48,360,405
3214,48,405,450
3215,48,450,495
3216,48,495,540
3217,48,540,585
3218,48,585,630
3219,48,630,675
3220,48,675,720
3221,48,720,765
3222,48,765,810
3223,48,810,855
3224,48,855,900
3225,48,900,945
3226,48,945,990
3227,48,990,1035
3228,48,1035,1080
3229,48,1080,1125
3230,49,0,45
3231,49,45,90
3232,49,90,135
3233,49,135,180
3234,49,180,225
3235,49,225,270
3236,49,270,315
3237,49,315,360
3238,49,360,405
3239,49,405,450
3240,49,450,495
3241,49,495,540
3242,49,540,585
3243,49,585,630
3244,49,630,675
3245,49,675,720
3246,50,0,45
3247,50,45,90
3248,50,90,135
3249,50,135,180
3250,50,180,225
3251,50,225,270
3252,50,270,315
3253,50,315,360
3254,50,360,405
3255,50,405,450
3256,50,450,495
3257,50,495,540
3258,50,540,585
3259,50,585,630
3260,50,630,675
3261,50,675,720
3262,50,720,765
3263,50,765,810
3264,50,810,855
3265,50,855,900
3266,50,900,945
3267,50,945,990
3268,50,990,1035
3269,50,1035,1080
3270,50,1080,1125
3271,50,1125,1170
3272,50,1170,1215
3273,51,0,45
3274,51,45,90
3275,51,90,135
3276,51,135,180
3277,51,180,225
3278,51,225,270
3279,51,270,315
3280,51,315,360
3281,51,360,405
3282,51,405,450
3283,51,450,495
3284,51,495,540
3285,51,540,585
3286,51,585,630
3287,51,630,675
3288,51,675,720
3289,51,720,765
3290,51,765,810
3291,51,810,855
3292,51,855,900
3293,51,900,945
3294,51,945,990
3295,51,990,1035
3296,51,1035,1080
3297,51,1080,1125
3298,51,1125,1170
3299,51,1170,1215
3300,51,1215,1260
3301,51,1260,1305
3302,51,1305,1350
3303,51,1350,1395
3304,52,0,45
3305,52,45,90
3306,52,90,135
3307,52,135,180
3308,52,180,225
3309,52,225,270
3310,52,270,315
3311,52,315,360
3312,52,360,405
3313,52,405,450
3314,52,450,495
3315,52,495,540
3316,52,540,585
3317,52,585,630
3318,52,630,675
3319,52,675,720
3320,52,720,765
3321,52,765,810
3322,52,810,855
3323,52,855,900
3324,52,900,945
3325,52,945,990
3326,52,990,1035
3327,52,1035,1080
3328,52,1080,1125
3329,52,1125,1170
3330,53,0,45
3331,53,45,90
3332,53,90,135
3333,53,135,180
3334,53,180,225
3335,53,225,270
3336,53,270,315
3337,53,315,360
3338,53,360,405
3339,53,405,450
3340,53,450,495
3341,53,495,540
3342,53,540,585
3343,53,585,630
3344,53,630,675
3345,53,675,720
3346,54,0,45
3347,54,45,90
3348,54,90,135
3349,54,135,180
3350,54,180,225
3351,54,225,270
3352,54,270,315
3353,54,315,360
3354,54,360,405
3355,54,405,450
3356,54,450,495
3357,54,495,540
3358,54,540,585
3359,54,585,630
3360,54,630,675
3361,54,675,720
3362,54,720,765
3363,54,765,810
3364,54,810,855
3365,54,855,900
3366,54,900,945
3367,54,945,990
3368,54,990,1035
3369,54,1035,1080
3370,54,1080,1125
3371,54,1125,1170
3372,54,1170,1215
3373,54,1215,1260
3374,54,1260,1305
3375,54,1305,1350
3376,54,1350,1395
3377,54,1395,1440
3378,55,0,45
3379,55,45,90
3380,55,90,135
3381,55,135,180
3382,55,180,225
3383,55,225,270
3384,55,270,315
3385,55,315,360
3386,55,360,405
3387,55,405,450
3388,55,450,495
3389,55,495,540
3390,55,540,585
3391,55,585,630
3392,55,630,675
3393,55,675,720
3394,55,720,765
3395,55,765,810
3396,55,810,855
3397,55,855,900
3398,55,900,945
3399,55,945,990
3400,55,990,1035
3401,55,1035,1080
3402,55,1080,1125
3403,55,1125,1170
3404,55,1170,1215
3405,55,1215,1260
3406,55,1260,1305
3407,55,1305,1350
3408,55,1350,1395
3409,56,0,45
3410,56,45,90
3411,56,90,135
3412,56,135,180
3413,56,180,225
3414,56,225,270
3415,56,270,315
3416,56,315,360
3417,56,360,405
3418,56,405,450
3419,56,450,495
3420,56,495,540
3421,56,540,585
3422,56,585,630
3423,56,630,675
3424,56,675,720
3425,56,720,765
3426,56,765,810
3427,56,810,855
3428,56,855,900
3429,56,900,945
3430,57,0,45
3431,57,45,90
3432,57,90,135
3433,57,135,180
3434,57,180,225
3435,57,225,270
3436,57,270,315
3437,57,315,360
3438,57,360,405
3439,57,405,450
3440,57,450,495
3441,57,495,540
3442,57,540,585
3443,57,585,630
3444,57,630,675
3445,58,0,45
3446,58,45,90
3447,58,90,135
3448,58,135,180
3449,58,180,225
3450,58,225,270
3451,58,270,315
3452,58,315,360
3453,58,360,405
3454,58,405,450
3455,58,450,495
3456,58,495,540
3457,58,540,585
3458,58,585,630
3459,58,630,675
3460,58,675,720
3461,58,720,765
3462,58,765,810
3463,58,810,855
3464,59,0,45
3465,59,45,90
3466,59,90,135
3467,59,135,180
3468,59,180,225
3469,59,225,270
3470,59,270,315
3471,59,315,360
3472,59,360,405
3473,59,405,450
3474,59,450,495
3475,59,495,540
3476,59,540,585
3477,59,585,630
3478,59,630,675
3479,59,675,720
3480,59,720,765
3481,60,0,45
3482,60,45,90
3483,60,90,135
3484,60,135,180
3485,60,180,225
3486,60,225,270
3487,60,270,315
3488,60,315,360
3489,60,360,405
3490,60,405,450
3491,60,450,495
3492,60,495,540
3493,60,540,585
3494,60,585,630
3495,61,0,45
3496,61,45,90
3497,61,90,135
3498,61,135,180
3499,61,180,225
3500,61,225,270
3501,61,270,315
3502,61,315,360
3503,61,360,405
3504,61,405,450
3505,61,450,495
3506,61,495,540
3507,61,540,585
3508,62,0,45
3509,62,45,90
3510,62,90,135
3511,62,135,180
3512,62,180,225
3513,62,225,270
3514,62,270,315
3515,62,315,360
3516,62,360,405
3517,62,405,450
3518,62,450,495
3519,62,495,540
3520,62,540,585
3521,62,585,630
3522,62,630,675
3523,62,675,720
3524,62,720,765
3525,62,765,810
3526,62,810,855
3527,62,855,900
3528,62,900,945
3529,62,945,990
3530,62,990,1035
3531,62,1035,1080
3532,62,1080,1125
3533,62,1125,1170
3534,62,1170,1215
3535,62,1215,1260
3536,62,1260,1305
3537,62,1305,1350
3538,62,1350,1395
3539,62,1395,1440
3540,62,1440,1485
3541,62,1485,1530
3542,62,1530,1575
3543,62,1575,1620
3544,62,1620,1665
3545,62,1665,1710
3546,62,1710,1755
3547,62,1755,1800
3548,62,1800,1845
3549,62,1845,1890
3550,62,1890,1935
3551,62,1935,1980
3552,62,1980,2025
3553,62,2025,2070
3554,62,2070,2115
3555,62,2115,2160
3556,62,2160,2205
3557,62,2205,2250
3558,62,2250,2295
3559,62,2295,2340
3560,62,2340,2385
3561,62,2385,2430
3562,62,2430,2475
3563,62,2475,2520
3564,62,2520,2565
3565,62,2565,2610
3566,62,2610,2655
3567,62,2655,2700
3568,63,0,45
3569,63,45,90
3570,63,90,135
3571,63,135,180
3572,63,180,225
3573,63,225,270
3574,63,270,315
3575,63,315,360
3576,63,360,405
3577,63,405,450
3578,63,450,495
3579,63,495,540
3580,63,540,585
3581,63,585,630
3582,63,630,675
3583,63,675,720
3584,63,720,765
3585,63,765,810
3586,63,810,855
3587,63,855,900
3588,63,900,945
3589,63,945,990
3590,63,990,1035
3591,63,1035,1080
3592,63,1080,1125
3593,63,1125,1170
3594,63,1170,1215
3595,63,1215,1260
3596,63,1260,1305
3597,63,1305,1350
3598,63,1350,1395
3599,63,1395,1440
3600,63,1440,1485
3601,63,1485,1530
3602,63,1530,1575
3603,63,1575,1620
3604,63,1620,1665
3605,63,1665,1710
3606,64,0,45
3607,64,45,90
3608,64,90,135
3609,64,135,180
3610,64,180,225
3611,64,225,270
3612,64,270,315
3613,64,315,360
3614,64,360,405
3615,64,405,450
3616,64,450,495
3617,64,495,540
3618,64,540,585
3619,64,585,630
3620,64,630,675
3621,64,675,720
3622,64,720,765
3623,64,765,810
3624,64,810,855
3625,64,855,900
3626,64,900,945
3627,64,945,990
3628,64,990,1035
3629,64,1035,1080
3630,64,1080,1125
3631,64,1125,1170
3632,64,1170,1215
3633,64,1215,1260
3634,64,1260,1305
3635,64,1305,1350
3636,64,1350,1395
3637,64,1395,1440
3638,64,1440,1485
3639,64,1485,1530
3640,64,1530,1575
3641,64,1575,1620
3642,64,1620,1665
3643,64,1665,1710
3644,64,1710,1755
3645,64,1755,1800
3646,65,0,45
3647,65,45,90
3648,65,90,135
3649,65,135,180
3650,65,180,225
3651,65,225,270
3652,65,270,315
3653,65,315,360
3654,65,360,405
3655,65,405,450
3656,65,450,495
3657,65,495,540
3658,65,540,585
3659,65,585,630
3660,65,630,675
3661,65,675,720
3662,65,720,765
3663,65,765,810
3664,65,810,855
3665,65,855,900
3666,65,900,945
3667,65,945,990
3668,65,990,1035
3669,65,1035,1080
3670,65,1080,1125
3671,65,1125,1170
3672,65,1170,1215
3673,65,1215,1260
3674,65,1260,1305
3675,65,1305,1350
3676,65,1350,1395
3677,65,1395,1440
3678,65,1440,1485
3679,65,1485,1530
3680,65,1530,1575
3681,65,1575,1620
3682,65,1620,1665
3683,65,1665,1710
3684,65,1710,1755
3685,65,1755,1800
3686,65,1800,1845
3687,65,1845,1890
3688,65,1890,1935
3689,65,1935,1980
3690,65,1980,2025
3691,65,2025,2070
3692,65,2070,2115
3693,66,0,45
3694,66,45,90
3695,66,90,135
3696,66,135,180
3697,66,180,225
3698,66,225,270
3699,66,270,315
3700,66,315,360
3701,66,360,405
3702,66,405,450
3703,66,450,495
3704,66,495,540
3705,66,540,585
3706,66,585,630
3707,66,630,675
3708,66,675,720
3709,66,720,765
3710,66,765,810
3711,66,810,855
3712,66,855,900
3713,66,900,945
3714,66,945,990
3715,66,990,1035
3716,66,1035,1080
3717,66,1080,1125
3718,66,1125,1170
3719,66,1170,1215
3720,66,1215,1260
3721,66,1260,1305
3722,66,1305,1350
3723,66,1350,1395
3724,66,1395,1440
3725,66,1440,1485
3726,66,1485,1530
3727,66,1530,1575
3728,66,1575,1620
3729,66,1620,1665
3730,66,1665,1710
3731,66,1710,1755
3732,66,1755,1800
3733,66,1800,1845
3734,66,1845,1890
3735,66,1890,1935
3736,66,1935,1980
3737,66,1980,2025
3738,66,2025,2070
3739,66,2070,2115
3740,66,2115,2160
3741,66,2160,2205
3742,66,2205,2250
3743,66,2250,2295
3744,66,2295,2340
3745,66,2340,2385
3746,66,2385,2430
3747,66,2430,2475
3748,66,2475,2520
3749,66,2520,2565
3750,66,2565,2610
3751,66,2610,2655
3752,68,0,45
3753,68,45,90
3754,68,90,135
3755,68,135,180
3756,68,180,225
3757,68,225,270
3758,68,270,315
3759,68,315,360
3760,68,360,405
3761,68,405,450
3762,68,450,495
3763,68,495,540
3764,68,540,585
3765,68,585,630
3766,68,630,675
3767,68,675,720
3768,68,720,765
3769,68,765,810
3770,68,810,855
3771,68,855,900
3772,68,900,945
3773,68,945,990
3774,68,990,1035
3775,68,1035,1080
3776,68,1080,1125
3777,68,1125,1170
3778,68,1170,1215
3779,68,1215,1260
3780,68,1260,1305
3781,68,1305,1350
3782,68,1350,1395
3783,68,1395,1440
3784,68,1440,1485
3785,68,1485,1530
3786,68,1530,1575
3787,68,1575,1620
3788,68,1620,1665
3789,68,1665,1710
3790,68,1710,1755
3791,68,1755,1800
3792,68,1800,1845
3793,68,1845,1890
3794,68,1890,1935
3795,68,1935,1980
3796,68,1980,2025
3797,68,2025,2070
3798,68,2070,2115
3799,68,2115,2160
3800,68,2160,2205
3801,68,2205,2250
3802,68,2250,2295
3803,68,2295,2340
3804,68,2340,2385
3805,68,2385,2430
3806,68,2430,2475
3807,68,2475,2520
3808,69,0,45
3809,69,45,90
3810,69,90,135
3811,69,135,180
3812,69,180,225
3813,69,225,270
3814,69,270,315
3815,69,315,360
3816,69,360,405
3817,69,405,450
3818,69,450,495
3819,69,495,540
3820,69,540,585
3821,69,585,630
3822,69,630,675
3823,69,675,720
3824,69,720,765
3825,69,765,810
3826,69,810,855
3827,69,855,900
3828,69,900,945
3829,69,945,990
3830,69,990,1035
3831,69,1035,1080
3832,69,1080,1125
3833,69,1125,1170
3834,69,1170,1215
3835,69,1215,1260
3836,69,1260,1305
3837,69,1305,1350
3838,69,1350,1395
3839,69,1395,1440
3840,69,1440,1485
3841,69,1485,1530
3842,69,1530,1575
3843,69,1575,1620
3844,69,1620,1665
3845,69,1665,1710
3846,69,1710,1755
3847,69,1755,1800
3848,69,1800,1845
3849,69,1845,1890
3850,69,1890,1935
3851,69,1935,1980
3852,69,1980,2025
3853,69,2025,2070
3854,69,2070,2115
3855,69,2115,2160
3856,69,2160,2205
3857,69,2205,2250
3858,69,2250,2295
3859,69,2295,2340
3860,69,2340,2385
3861,69,2385,2430
3862,69,2430,2475
3863,69,2475,2520
3864,69,2520,2565
3865,69,2565,2610
3866,69,2610,2655
3867,69,2655,2700
3868,69,2700,2745
3869,69,2745,2790
3870,69,2790,2835
3871,69,2835,2880
3872,69,2880,2925
3873,69,2925,2970
3874,69,2970,3015
3875,69,3015,3060
3876,69,3060,3105
3877,69,3105,3150
3878,69,3150,3195
3879,69,3195,3240
3880,69,3240,3285
3881,69,3285,3330
3882,69,3330,3375
3883,69,3375,3420
3884,69,3420,3465
3885,69,3465,3510
3886,69,3510,3555
3887,69,3555,3600
3888,69,3600,3645
3889,69,3645,3690
3890,69,3690,3735
3891,69,3735,3780
3892,69,3780,3825
3893,69,3825,3870
3894,69,3870,3915
3895,70,0,45
3896,70,45,90
3897,70,90,135
3898,70,135,180
3899,70,180,225
3900,70,225,270
3901,70,270,315
3902,70,315,360
3903,70,360,405
3904,70,405,450
3905,70,450,495
3906,70,495,540
3907,70,540,585
3908,70,585,630
3909,70,630,675
3910,70,675,720
3911,70,720,765
3912,70,765,810
3913,70,810,855
3914,70,855,900
3915,70,900,945
3916,70,945,990
3917,70,990,1035
3918,70,1035,1080
3919,70,1080,1125
3920,70,1125,1170
3921,70,1170,1215
3922,70,1215,1260
3923,70,1260,1305
3924,70,1305,1350
3925,70,1350,1395
3926,70,1395,1440
3927,70,1440,1485
3928,70,1485,1530
3929,70,1530,1575
3930,70,1575,1620
3931,70,1620,1665
3932,70,1665,1710
3933,70,1710,1755
3934,70,1755,1800
3935,70,1800,1845
3936,70,1845,1890
3937,70,1890,1935
3938,70,1935,1980
3939,70,1980,2025
3940,70,2025,2070
3941,70,2070,2115
3942,70,2115,2160
3943,70,2160,2205
3944,70,2205,2250
3945,70,2250,2295
3946,70,2295,2340
3947,70,2340,2385
3948,70,2385,2430
3949,70,2430,2475
3950,70,2475,2520
3951,70,2520,2565
3952,70,2565,2610
3953,70,2610,2655
3954,70,2655,2700
3955,70,2700,2745
3956,70,2745,2790
3957,70,2790,2835
3958,70,2835,2880
3959,70,2880,2925
3960,70,2925,2970
3961,70,2970,3015
3962,70,3015,3060
3963,70,3060,3105
3964,70,3105,3150
3965,70,3150,3195
3966,70,3195,3240
3967,70,3240,3285
3968,70,3285,3330
3969,70,3330,3375
3970,70,3375,3420
3971,70,3420,3465
3972,70,3465,3510
3973,70,3510,3555
3974,70,3555,3600
3975,70,3600,3645
3976,70,3645,3690
3977,70,3690,3735
3978,70,3735,3780
3979,70,3780,3825
3980,70,3825,3870
3981,70,3870,3915
3982,70,3915,3960
3983,70,3960,4005
3984,70,4005,4050
3985,70,4050,4095
3986,70,4095,4140
3987,70,4140,4185
3988,70,4185,4230
3989,70,4230,4275
3990,70,4275,4320
3991,70,4320,4365
3992,70,4365,4410
3993,70,4410,4455
3994,70,4455,4500
3995,70,4500,4545
3996,70,4545,4590
3997,70,4590,4635
3998,70,4635,4680
3999,70,4680,4725
4000,70,4725,4770
4001,70,4770,4815
4002,70,4815,4860
4003,70,4860,4905
4004,70,4905,4950
4005,70,4950,4995
4006,70,4995,5040
4007,70,5040,5085
4008,70,5085,5130
4009,70,5130,5175
4010,70,5175,5220
4011,70,5220,5265
4012,70,5265,5310
4013,70,5310,5355
4014,71,0,45
4015,71,45,90
4016,71,90,135
4017,71,135,180
4018,71,180,225
4019,71,225,270
4020,71,270,315
4021,71,315,360
4022,71,360,405
4023,71,405,450
4024,71,450,495
4025,71,495,540
4026,71,540,585
4027,71,585,630
4028,71,630,675
4029,71,675,720
4030,71,720,765
4031,71,765,810
4032,71,810,855
4033,71,855,900
4034,71,900,945
4035,71,945,990
4036,71,990,1035
4037,71,1035,1080
4038,71,1080,1125
4039,71,1125,1170
4040,71,1170,1215
4041,71,1215,1260
4042,71,1260,1305
4043,71,1305,1350
4044,71,1350,1395
4045,71,1395,1440
4046,71,1440,1485
4047,71,1485,1530
4048,71,1530,1575
4049,71,1575,1620
4050,71,1620,1665
4051,71,1665,1710
4052,71,1710,1755
4053,71,1755,1800
4054,71,1800,1845
4055,71,1845,1890
4056,71,1890,1935
4057,71,1935,1980
4058,71,1980,2025
4059,71,2025,2070
4060,71,2070,2115
4061,71,2115,2160
4062,71,2160,2205
4063,71,2205,2250
4064,71,2250,2295
4065,71,2295,2340
4066,71,2340,2385
4067,71,2385,2430
4068,71,2430,2475
4069,71,2475,2520
4070,71,2520,2565
4071,71,2565,2610
4072,71,2610,2655
4073,71,2655,2700
4074,71,2700,2745
4075,71,2745,2790
4076,71,2790,2835
4077,71,2835,2880
4078,71,2880,2925
4079,71,2925,2970
4080,71,2970,3015
4081,71,3015,3060
4082,71,3060,3105
4083,72,0,45
4084,72,45,90
4085,72,90,135
4086,72,135,180
4087,72,180,225
4088,72,225,270
4089,72,270,315
4090,72,315,360
4091,72,360,405
4092,72,405,450
4093,72,450,495
4094,72,495,540
4095,72,540,585
4096,72,585,630
4097,72,630,675
4098,72,675,720
4099,72,720,765
4100,72,765,810
4101,72,810,855
4102,72,855,900
4103,72,900,945
4104,72,945,990
4105,72,990,1035
4106,72,1035,1080
4107,72,1080,1125
4108,72,1125,1170
4109,72,1170,1215
4110,72,1215,1260
4111,72,1260,1305
4112,72,1305,1350
4113,72,1350,1395
4114,72,1395,1440
4115,72,1440,1485
4116,72,1485,1530
4117,72,1530,1575
4118,72,1575,1620
4119,72,1620,1665
4120,72,1665,1710
4121,72,1710,1755
4122,72,1755,1800
4123,73,0,45
4124,73,45,90
4125,73,90,135
4126,73,135,180
4127,73,180,225
4128,73,225,270
4129,73,270,315
4130,73,315,360
4131,73,360,405
4132,73,405,450
4133,73,450,495
4134,73,495,540
4135,73,540,585
4136,73,585,630
4137,73,630,675
4138,73,675,720
4139,73,720,765
4140,73,765,810
4141,73,810,855
4142,73,855,900
4143,73,900,945
4144,73,945,990
4145,73,990,1035
4146,73,1035,1080
4147,73,1080,1125
4148,73,1125,1170
4149,73,1170,1215
4150,73,1215,1260
4151,73,1260,1305
4152,73,1305,1350
4153,73,1350,1395
4154,73,1395,1440
4155,73,1440,1485
4156,73,1485,1530
4157,73,1530,1575
4158,73,1575,1620
4159,73,1620,1665
4160,73,1665,1710
4161,73,1710,1755
4162,73,1755,1800
4163,73,1800,1845
4164,73,1845,1890
4165,73,1890,1935
4166,73,1935,1980
4167,73,1980,2025
4168,73,2025,2070
4169,73,2070,2115
4170,73,2115,2160
4171,74,0,45
4172,74,45,90
4173,74,90,135
4174,74,135,180
4175,74,180,225
4176,74,225,270
4177,74,270,315
4178,74,315,360
4179,74,360,405
4180,74,405,450
4181,74,450,495
4182,74,495,540
4183,74,540,585
4184,74,585,630
4185,74,630,675
4186,74,675,720
4187,74,720,765
4188,74,765,810
4189,74,810,855
4190,74,855,900
4191,74,900,945
4192,74,945,990
4193,74,990,1035
4194,74,1035,1080
4195,74,1080,1125
4196,74,1125,1170
4197,74,1170,1215
4198,74,1215,1260
4199,74,1260,1305
4200,74,1305,1350
4201,74,1350,1395
4202,74,1395,1440
4203,74,1440,1485
4204,74,1485,1530
4205,74,1530,1575
4206,74,1575,1620
4207,74,1620,1665
4208,74,1665,1710
4209,74,1710,1755
4210,74,1755,1800
4211,74,1800,1845
4212,74,1845,1890
4213,74,1890,1935
4214,74,1935,1980
4215,74,1980,2025
4216,74,2025,2070
4217,74,2070,2115
4218,74,2115,2160
4219,74,2160,2205
4220,74,2205,2250
4221,74,2250,2295
4222,74,2295,2340
4223,74,2340,2385
4224,74,2385,2430
4225,74,2430,2475
4226,74,2475,2520
4227,74,2520,2565
4228,74,2565,2610
4229,74,2610,2655
4230,74,2655,2700
4231,74,2700,2745
4232,74,2745,2790
4233,74,2790,2835
4234,74,2835,2880
4235,74,2880,2925
4236,75,0,45
4237,75,45,90
4238,75,90,135
4239,75,135,180
4240,75,180,225
4241,75,225,270
4242,75,270,315
4243,75,315,360
4244,75,360,405
4245,75,405,450
4246,75,450,495
4247,75,495,540
4248,75,540,585
4249,75,585,630
4250,75,630,675
4251,75,675,720
4252,75,720,765
4253,75,765,810
4254,75,810,855
4255,75,855,900
4256,75,900,945
4257,75,945,990
4258,75,990,1035
4259,75,1035,1080
4260,75,1080,1125
4261,75,1125,1170
4262,75,1170,1215
4263,75,1215,1260
4264,75,1260,1305
4265,75,1305,1350
4266,75,1350,1395
4267,75,1395,1440
4268,75,1440,1485
4269,75,1485,1530
4270,75,1530,1575
4271,75,1575,1620
4272,75,1620,1665
4273,75,1665,1710
4274,75,1710,1755
4275,75,1755,1800
4276,75,1800,1845
4277,75,1845,1890
4278,75,1890,1935
4279,75,1935,1980
4280,75,1980,2025
4281,75,2025,2070
4282,75,2070,2115
4283,75,2115,2160
4284,75,2160,2205
4285,75,2205,2250
4286,75,2250,2295
4287,75,2295,2340
4288,75,2340,2385
4289,75,2385,2430
4290,75,2430,2475
4291,75,2475,2520
4292,75,2520,2565
4293,75,2565,2610
4294,75,2610,2655
4295,75,2655,2700
4296,76,0,45
4297,76,45,90
4298,76,90,135
4299,76,135,180
4300,76,180,225
4301,76,225,270
4302,76,270,315
4303,76,315,360
4304,76,360,405
4305,76,405,450
4306,76,450,495
4307,76,495,540
4308,76,540,585
4309,76,585,630
4310,76,630,675
4311,76,675,720
4312,76,720,765
4313,76,765,810
4314,76,810,855
4315,76,855,900
4316,76,900,945
4317,76,945,990
4318,76,990,1035
4319,76,1035,1080
4320,76,1080,1125
4321,76,1125,1170
4322,76,1170,1215
4323,76,1215,1260
4324,76,1260,1305
4325,76,1305,1350
4326,76,1350,1395
4327,76,1395,1440
4328,76,1440,1485
4329,76,1485,1530
4330,76,1530,1575
4331,76,1575,1620
4332,76,1620,1665
4333,76,1665,1710
4334,76,1710,1755
4335,76,1755,1800
4336,76,1800,1845
4337,76,1845,1890
4338,76,1890,1935
4339,76,1935,1980
4340,76,1980,2025
4341,76,2025,2070
4342,76,2070,2115
4343,76,2115,2160
4344,76,2160,2205
4345,76,2205,2250
4346,76,2250,2295
4347,76,2295,2340
4348,76,2340,2385
4349,76,2385,2430
4350,76,2430,2475
4351,76,2475,2520
4352,76,2520,2565
4353,76,2565,2610
4354,76,2610,2655
4355,76,2655,2700
4356,76,2700,2745
4357,76,2745,2790
4358,76,2790,2835
4359,76,2835,2880
4360,76,2880,2925
4361,76,2925,2970
4362,76,2970,3015
4363,77,0,45
4364,77,45,90
4365,77,90,135
4366,77,135,180
4367,77,180,225
4368,77,225,270
4369,77,270,315
4370,77,315,360
4371,77,360,405
4372,77,405,450
4373,77,450,495
4374,77,495,540
4375,77,540,585
4376,77,585,630
4377,77,630,675
4378,77,675,720
4379,77,720,765
4380,77,765,810
4381,77,810,855
4382,77,855,900
4383,77,900,945
4384,77,945,990
4385,77,990,1035
4386,77,1035,1080
4387,77,1080,1125
4388,77,1125,1170
4389,77,1170,1215
4390,77,1215,1260
4391,77,1260,1305
4392,77,1305,1350
4393,77,1350,1395
4394,77,1395,1440
4395,77,1440,1485
4396,77,1485,1530
4397,77,1530,1575
4398,77,1575,1620
4399,77,1620,1665
4400,77,1665,1710
4401,77,1710,1755
4402,77,1755,1800
4403,77,1800,1845
4404,78,0,45
4405,78,45,90
4406,78,90,135
4407,78,135,180
4408,78,180,225
4409,78,225,270
4410,78,270,315
4411,78,315,360
4412,78,360,405
4413,78,405,450
4414,78,450,495
4415,78,495,540
4416,78,540,585
4417,78,585,630
4418,78,630,675
4419,78,675,720
4420,78,720,765
4421,78,765,810
4422,78,810,855
4423,78,855,900
4424,78,900,945
4425,78,945,990
4426,78,990,1035
4427,78,1035,1080
4428,78,1080,1125
4429,78,1125,1170
4430,78,1170,1215
4431,78,1215,1260
4432,78,1260,1305
4433,78,1305,1350
4434,78,1350,1395
4435,78,1395,1440
4436,78,1440,1485
4437,79,0,45
4438,79,45,90
4439,79,90,135
4440,79,135,180
4441,79,180,225
4442,79,225,270
4443,79,270,315
4444,79,315,360
4445,79,360,405
4446,79,405,450
4447,79,450,495
4448,79,495,540
4449,79,540,585
4450,79,585,630
4451,79,630,675
4452,79,675,720
4453,79,720,765
4454,79,765,810
4455,79,810,855
4456,79,855,900
4457,79,900,945
4458,79,945,990
4459,79,990,1035
4460,79,1035,1080
4461,79,1080,1125
4462,79,1125,1170
4463,79,1170,1215
4464,79,1215,1260
4465,79,1260,1305
4466,79,1305,1350
4467,79,1350,1395
4468,79,1395,1440
4469,79,1440,1485
4470,79,1485,1530
4471,79,1530,1575
4472,79,1575,1620
4473,79,1620,1665
4474,79,1665,1710
4475,79,1710,1755
4476,79,1755,1800
4477,79,1800,1845
4478,79,1845,1890
4479,79,1890,1935
4480,79,1935,1980
4481,79,1980,2025
4482,79,2025,2070
4483,79,2070,2115
4484,79,2115,2160
4485,79,2160,2205
4486,79,2205,2250
4487,79,2250,2295
4488,79,2295,2340
4489,79,2340,2385
4490,79,2385,2430
4491,79,2430,2475
4492,79,2475,2520
4493,79,2520,2565
4494,79,2565,2610
4495,79,2610,2655
4496,79,2655,2700
4497,79,2700,2745
4498,79,2745,2790
4499,79,2790,2835
4500,79,2835,2880
4501,79,2880,2925
4502,79,2925,2970
4503,79,2970,3015
4504,79,3015,3060
4505,79,3060,3105
4506,79,3105,3150
4507,79,3150,3195
4508,79,3195,3240
4509,79,3240,3285
4510,79,3285,3330
4511,80,0,45
4512,80,45,90
4513,80,90,135
4514,80,135,180
4515,80,180,225
4516,80,225,270
4517,80,270,315
4518,80,315,360
4519,80,360,405
4520,80,405,450
4521,80,450,495
4522,80,495,540
4523,80,540,585
4524,80,585,630
4525,80,630,675
4526,80,675,720
4527,80,720,765
4528,80,765,810
4529,80,810,855
4530,80,855,900
4531,80,900,945
4532,80,945,990
4533,80,990,1035
4534,80,1035,1080
4535,80,1080,1125
4536,80,1125,1170
4537,80,1170,1215
4538,80,1215,1260
4539,80,1260,1305
4540,80,1305,1350
4541,80,1350,1395
4542,80,1395,1440
4543,80,1440,1485
4544,80,1485,1530
4545,80,1530,1575
4546,80,1575,1620
4547,80,1620,1665
4548,80,1665,1710
4549,80,1710,1755
4550,80,1755,1800
4551,80,1800,1845
4552,81,0,45
4553,81,45,90
4554,81,90,135
4555,81,135,180
4556,81,180,225
4557,81,225,270
4558,81,270,315
4559,81,315,360
4560,81,360,405
4561,81,405,450
4562,81,450,495
4563,81,495,540
4564,81,540,585
4565,81,585,630
4566,81,630,675
4567,81,675,720
4568,81,720,765
4569,81,765,810
4570,81,810,855
4571,81,855,900
4572,81,900,945
4573,81,945,990
4574,81,990,1035
4575,81,1035,1080
4576,81,1080,1125
4577,81,1125,1170
4578,81,1170,1215
4579,81,1215,1260
4580,81,1260,1305
4581,81,1305,1350
4582,81,1350,1395
4583,81,1395,1440
4584,81,1440,1485
4585,81,1485,1530
4586,81,1530,1575
4587,81,1575,1620
4588,81,1620,1665
4589,81,1665,1710
4590,81,1710,1755
4591,81,1755,1800
4592,81,1800,1845
4593,81,1845,1890
4594,81,1890,1935
4595,81,1935,1980
4596,81,1980,2025
4597,81,2025,2070
4598,81,2070,2115
4599,81,2115,2160
4600,81,2160,2205
4601,81,2205,2250
4602,81,2250,2295
4603,81,2295,2340
4604,81,2340,2385
4605,81,2385,2430
4606,81,2430,2475
4607,81,2475,2520
4608,81,2520,2565
4609,81,2565,2610
4610,81,2610,2655
4611,81,2655,2700
4612,82,0,45
4613,82,45,90
4614,82,90,135
4615,82,135,180
4616,82,180,225
4617,82,225,270
4618,82,270,315
4619,82,315,360
4620,82,360,405
4621,82,405,450
4622,82,450,495
4623,82,495,540
4624,82,540,585
4625,82,585,630
4626,82,630,675
4627,82,675,720
4628,82,720,765
4629,82,765,810
4630,82,810,855
4631,82,855,900
4632,82,900,945
4633,82,945,990
4634,82,990,1035
4635,82,1035,1080
4636,82,1080,1125
4637,82,1125,1170
4638,82,1170,1215
4639,82,1215,1260
4640,82,1260,1305
4641,82,1305,1350
4642,82,1350,1395
4643,82,1395,1440
4644,82,1440,1485
4645,82,1485,1530
4646,82,1530,1575
4647,82,1575,1620
4648,82,1620,1665
4649,82,1665,1710
4650,82,1710,1755
4651,82,1755,1800
4652,82,1800,1845
4653,82,1845,1890
4654,82,1890,1935
4655,82,1935,1980
4656,82,1980,2025
4657,82,2025,2070
4658,82,2070,2115
4659,82,2115,2160
4660,82,2160,2205
4661,82,2205,2250
4662,82,2250,2295
4663,82,2295,2340
4664,82,2340,2385
4665,82,2385,2430
4666,82,2430,2475
4667,82,2475,2520
4668,82,2520,2565
4669,82,2565,2610
4670,82,2610,2655
4671,82,2655,2700
4672,82,2700,2745
4673,82,2745,2790
4674,82,2790,2835
4675,82,2835,2880
4676,82,2880,2925
4677,82,2925,2970
4678,82,2970,3015
4679,82,3015,3060
4680,82,3060,3105
4681,82,3105,3150
4682,82,3150,3195
4683,82,3195,3240
4684,82,3240,3285
4685,82,3285,3330
4686,82,3330,3375
4687,82,3375,3420
4688,82,3420,3465
4689,82,3465,3510
4690,82,3510,3555
4691,82,3555,3600
4692,82,3600,3645
4693,82,3645,3690
4694,82,3690,3735
4695,82,3735,3780
4696,82,3780,3825
4697,83,0,45
4698,83,45,90
4699,83,90,135
4700,83,135,180
4701,83,180,225
4702,83,225,270
4703,83,270,315
4704,83,315,360
4705,83,360,405
4706,83,405,450
4707,83,450,495
4708,83,495,540
4709,83,540,585
4710,83,585,630
4711,83,630,675
4712,83,675,720
4713,83,720,765
4714,83,765,810
4715,83,810,855
4716,83,855,900
4717,83,900,945
4718,83,945,990
4719,83,990,1035
4720,83,1035,1080
4721,83,1080,1125
4722,83,1125,1170
4723,83,1170,1215
4724,83,1215,1260
4725,83,1260,1305
4726,83,1305,1350
4727,83,1350,1395
4728,83,1395,1440
4729,83,1440,1485
4730,83,1485,1530
4731,83,1530,1575
4732,83,1575,1620
4733,83,1620,1665
4734,83,1665,1710
4735,83,1710,1755
4736,83,1755,1800
4737,83,1800,1845
4738,83,1845,1890
4739,83,1890,1935
4740,83,1935,1980
4741,83,1980,2025
4742,83,2025,2070
4743,84,0,45
4744,84,45,90
4745,84,90,135
4746,84,135,180
4747,84,180,225
4748,84,225,270
4749,84,270,315
4750,84,315,360
4751,84,360,405
4752,84,405,450
4753,84,450,495
4754,84,495,540
4755,84,540,585
4756,84,585,630
4757,84,630,675
4758,84,675,720
4759,84,720,765
4760,84,765,810
4761,84,810,855
4762,84,855,900
4763,84,900,945
4764,84,945,990
4765,84,990,1035
4766,84,1035,1080
4767,84,1080,1125
4768,84,1125,1170
4769,84,1170,1215
4770,84,1215,1260
4771,84,1260,1305
4772,84,1305,1350
4773,84,1350,1395
4774,84,1395,1440
4775,84,1440,1485
4776,84,1485,1530
4777,84,1530,1575
4778,84,1575,1620
4779,84,1620,1665
4780,84,1665,1710
4781,84,1710,1755
4782,84,1755,1800
4783,84,1800,1845
4784,84,1845,1890
4785,84,1890,1935
4786,84,1935,1980
4787,84,1980,2025
4788,84,2025,2070
4789,84,2070,2115
4790,84,2115,2160
4791,84,2160,2205
4792,84,2205,2250
4793,84,2250,2295
4794,84,2295,2340
4795,84,2340,2385
4796,84,2385,2430
4797,84,2430,2475
4798,84,2475,2520
4799,84,2520,2565
4800,84,2565,2610
4801,85,0,45
4802,85,45,90
4803,85,90,135
4804,85,135,180
4805,85,180,225
4806,85,225,270
4807,85,270,315
4808,85,315,360
4809,85,360,405
4810,85,405,450
4811,85,450,495
4812,85,495,540
4813,85,540,585
4814,85,585,630
4815,85,630,675
4816,85,675,720
4817,85,720,765
4818,85,765,810
4819,85,810,855
4820,85,855,900
4821,85,900,945
4822,85,945,990
4823,85,990,1035
4824,85,1035,1080
4825,85,1080,1125
4826,85,1125,1170
4827,85,1170,1215
4828,85,1215,1260
4829,85,1260,1305
4830,85,1305,1350
4831,85,1350,1395
4832,85,1395,1440
4833,85,1440,1485
4834,85,1485,1530
4835,85,1530,1575
4836,85,1575,1620
4837,85,1620,1665
4838,85,1665,1710
4839,85,1710,1755
4840,85,1755,1800
4841,85,1800,1845
4842,85,1845,1890
4843,85,1890,1935
4844,85,1935,1980
4845,85,1980,2025
4846,85,2025,2070
4847,85,2070,2115
4848,85,2115,2160
4849,85,2160,2205
4850,85,2205,2250
4851,85,2250,2295
4852,85,2295,2340
4853,85,2340,2385
4854,85,2385,2430
4855,85,2430,2475
4856,85,2475,2520
4857,85,2520,2565
4858,85,2565,2610
4859,85,2610,2655
4860,85,2655,2700
4861,85,2700,2745
4862,85,2745,2790
4863,85,2790,2835
4864,85,2835,2880
4865,85,2880,2925
4866,85,2925,2970
4867,85,2970,3015
4868,85,3015,3060
4869,85,3060,3105
4870,85,3105,3150
4871,85,3150,3195
4872,85,3195,3240
4873,85,3240,3285
4874,85,3285,3330
4875,85,3330,3375
4876,85,3375,3420
4877,85,3420,3465
4878,85,3465,3510
4879,85,3510,3555
4880,85,3555,3600
4881,85,3600,3645
4882,85,3645,3690
4883,85,3690,3735
4884,86,0,45
4885,86,45,90
4886,86,90,135
4887,86,135,180
4888,86,180,225
4889,86,225,270
4890,86,270,315
4891,86,315,360
4892,86,360,405
4893,86,405,450
4894,86,450,495
4895,86,495,540
4896,86,540,585
4897,86,585,630
4898,86,630,675
4899,86,675,720
4900,86,720,765
4901,86,765,810
4902,86,810,855
4903,86,855,900
4904,86,900,945
4905,86,945,990
4906,86,990,1035
4907,86,1035,1080
4908,86,1080,1125
4909,86,1125,1170
4910,86,1170,1215
4911,86,1215,1260
4912,86,1260,1305
4913,86,1305,1350
4914,86,1350,1395
4915,86,1395,1440
4916,86,1440,1485
4917,86,1485,1530
4918,86,1530,1575
4919,86,1575,1620
4920,86,1620,1665
4921,86,1665,1710
4922,86,1710,1755
4923,86,1755,1800
4924,86,1800,1845
4925,86,1845,1890
4926,86,1890,1935
4927,86,1935,1980
4928,86,1980,2025
4929,86,2025,2070
4930,86,2070,2115
4931,86,2115,2160
4932,86,2160,2205
4933,86,2205,2250
4934,86,2250,2295
4935,86,2295,2340
4936,86,2340,2385
4937,86,2385,2430
4938,86,2430,2475
4939,86,2475,2520
4940,86,2520,2565
4941,86,2565,2610
4942,86,2610,2655
4943,86,2655,2700
4944,86,2700,2745
4945,86,2745,2790
4946,86,2790,2835
4947,86,2835,2880
4948,86,2880,2925
4949,86,2925,2970
4950,86,2970,3015
4951,86,3015,3060
4952,86,3060,3105
4953,87,0,45
4954,87,45,90
4955,87,90,135
4956,87,135,180
4957,87,180,225
4958,87,225,270
4959,87,270,315
4960,87,315,360
4961,87,360,405
4962,87,405,450
4963,87,450,495
4964,87,495,540
4965,87,540,585
4966,87,585,630
4967,87,630,675
4968,87,675,720
4969,87,720,765
4970,87,765,810
4971,87,810,855
4972,87,855,900
4973,87,900,945
4974,87,945,990
4975,87,990,1035
4976,87,1035,1080
4977,87,1080,1125
4978,87,1125,1170
4979,87,1170,1215
4980,87,1215,1260
4981,87,1260,1305
4982,87,1305,1350
4983,87,1350,1395
4984,87,1395,1440
4985,87,1440,1485
4986,87,1485,1530
4987,87,1530,1575
4988,87,1575,1620
4989,87,1620,1665
4990,87,1665,1710
4991,87,1710,1755
4992,87,1755,1800
4993,87,1800,1845
4994,87,1845,1890
4995,87,1890,1935
4996,87,1935,1980
4997,87,1980,2025
4998,88,0,45
4999,88,45,90
5000,88,90,135
5001,88,135,180
5002,88,180,225
5003,88,225,270
5004,88,270,315
5005,88,315,360
5006,88,360,405
5007,88,405,450
5008,88,450,495
5009,88,495,540
5010,88,540,585
5011,88,585,630
5012,88,630,675
5013,88,675,720
5014,88,720,765
5015,88,765,810
5016,88,810,855
5017,88,855,900
5018,88,900,945
5019,88,945,990
5020,88,990,1035
5021,88,1035,1080
5022,88,1080,1125
5023,88,1125,1170
5024,88,1170,1215
5025,88,1215,1260
5026,88,1260,1305
5027,88,1305,1350
5028,88,1350,1395
5029,88,1395,1440
5030,88,1440,1485
5031,88,1485,1530
5032,88,1530,1575
5033,88,1575,1620
5034,88,1620,1665
5035,88,1665,1710
5036,88,1710,1755
5037,88,1755,1800
5038,88,1800,1845
5039,88,1845,1890
5040,88,1890,1935
5041,88,1935,1980
5042,88,1980,2025
5043,88,2025,2070
5044,88,2070,2115
5045,88,2115,2160
5046,88,2160,2205
5047,88,2205,2250
5048,88,2250,2295
5049,88,2295,2340
5050,88,2340,2385
5051,88,2385,2430
5052,88,2430,2475
5053,88,2475,2520
5054,88,2520,2565
5055,88,2565,2610
5056,88,2610,2655
5057,88,2655,2700
5058,88,2700,2745
5059,88,2745,2790
5060,88,2790,2835
5061,89,0,45
5062,89,45,90
5063,89,90,135
5064,89,135,180
5065,89,180,225
5066,89,225,270
5067,89,270,315
5068,89,315,360
5069,89,360,405
5070,89,405,450
5071,89,450,495
5072,89,495,540
5073,89,540,585
5074,89,585,630
5075,89,630,675
5076,89,675,720
5077,89,720,765
5078,89,765,810
5079,89,810,855
5080,89,855,900
5081,89,900,945
5082,89,945,990
5083,89,990,1035
5084,89,1035,1080
5085,89,1080,1125
5086,89,1125,1170
5087,89,1170,1215
5088,89,1215,1260
5089,89,1260,1305
5090,89,1305,1350
5091,89,1350,1395
5092,89,1395,1440
5093,89,1440,1485
5094,89,1485,1530
5095,89,1530,1575
5096,89,1575,1620
5097,89,1620,1665
5098,89,1665,1710
5099,89,1710,1755
5100,89,1755,1800
5101,89,1800,1845
5102,89,1845,1890
5103,89,1890,1935
5104,89,1935,1980
5105,89,1980,2025
5106,89,2025,2070
5107,89,2070,2115
5108,89,2115,2160
5109,89,2160,2205
5110,89,2205,2250
5111,89,2250,2295
5112,89,2295,2340
5113,89,2340,2385
5114,89,2385,2430
5115,89,2430,2475
5116,89,2475,2520
5117,89,2520,2565
5118,89,2565,2610
5119,89,2610,2655
5120,89,2655,2700
5121,89,2700,2745
5122,89,2745,2790
5123,89,2790,2835
5124,89,2835,2880
5125,89,2880,2925
5126,89,2925,2970
5127,89,2970,3015
5128,89,3015,3060
5129,89,3060,3105
5130,89,3105,3150
5131,89,3150,3195
5132,89,3195,3240
5133,90,0,45
5134,90,45,90
5135,90,90,135
5136,90,135,180
5137,90,180,225
5138,90,225,270
5139,90,270,315
5140,90,315,360
5141,90,360,405
5142,90,405,450
5143,90,450,495
5144,90,495,540
5145,90,540,585
5146,90,585,630
5147,90,630,675
5148,90,675,720
5149,90,720,765
5150,90,765,810
5151,90,810,855
5152,90,855,900
5153,90,900,945
5154,90,945,990
5155,90,990,1035
5156,90,1035,1080
5157,90,1080,1125
5158,90,1125,1170
5159,90,1170,1215
5160,90,1215,1260
5161,90,1260,1305
5162,90,1305,1350
5163,90,1350,1395
5164,90,1395,1440
5165,90,1440,1485
5166,90,1485,1530
5167,90,1530,1575
5168,90,1575,1620
5169,90,1620,1665
5170,90,1665,1710
5171,90,1710,1755
5172,90,1755,1800
5173,90,1800,1845
5174,90,1845,1890
5175,90,1890,1935
5176,90,1935,1980
5177,90,1980,2025
5178,90,2025,2070
5179,90,2070,2115
5180,91,0,45
5181,91,45,90
5182,91,90,135
5183,91,135,180
5184,91,180,225
5185,91,225,270
5186,91,270,315
5187,91,315,360
5188,91,360,405
5189,91,405,450
5190,91,450,495
5191,91,495,540
5192,91,540,585
5193,91,585,630
5194,91,630,675
5195,91,675,720
5196,91,720,765
5197,91,765,810
5198,91,810,855
5199,91,855,900
5200,91,900,945
5201,91,945,990
5202,91,990,1035
5203,91,1035,1080
5204,91,1080,1125
5205,91,1125,1170
5206,91,1170,1215
5207,91,1215,1260
5208,91,1260,1305
5209,91,1305,1350
5210,91,1350,1395
5211,91,1395,1440
5212,91,1440,1485
5213,91,1485,1530
5214,91,1530,1575
5215,91,1575,1620
5216,91,1620,1665
5217,91,1665,1710
5218,91,1710,1755
5219,91,1755,1800
5220,91,1800,1845
5221,91,1845,1890
5222,91,1890,1935
5223,91,1935,1980
5224,91,1980,2025
5225,91,2025,2070
5226,91,2070,2115
5227,91,2115,2160
5228,91,2160,2205
5229,91,2205,2250
5230,91,2250,2295
5231,91,2295,2340
5232,91,2340,2385
5233,91,2385,2430
5234,91,2430,2475
5235,91,2475,2520
5236,91,2520,2565
5237,91,2565,2610
5238,91,2610,2655
5239,91,2655,2700
5240,91,2700,2745
5241,91,2745,2790
5242,91,2790,2835
5243,91,2835,2880
5244,91,2880,2925
5245,91,2925,2970
5246,91,2970,3015
5247,91,3015,3060
5248,91,3060,3105
5249,92,0,45
5250,92,45,90
5251,92,90,135
5252,92,135,180
5253,92,180,225
5254,92,225,270
5255,92,270,315
5256,92,315,360
5257,92,360,405
5258,92,405,450
5259,92,450,495
5260,92,495,540
5261,92,540,585
5262,92,585,630
5263,92,630,675
5264,92,675,720
5265,92,720,765
5266,92,765,810
5267,92,810,855
5268,92,855,900
5269,92,900,945
5270,92,945,990
5271,92,990,1035
5272,92,1035,1080
5273,92,1080,1125
5274,92,1125,1170
5275,92,1170,1215
5276,92,1215,1260
5277,92,1260,1305
5278,92,1305,1350
5279,92,1350,1395
5280,92,1395,1440
5281,92,1440,1485
5282,92,1485,1530
5283,92,1530,1575
5284,92,1575,1620
5285,92,1620,1665
5286,92,1665,1710
5287,92,1710,1755
5288,92,1755,1800
5289,92,1800,1845
5290,92,1845,1890
5291,92,1890,1935
5292,93,0,45
5293,93,45,90
5294,93,90,135
5295,93,135,180
5296,93,180,225
5297,93,225,270
5298,93,270,315
5299,93,315,360
5300,93,360,405
5301,93,405,450
5302,93,450,495
5303,93,495,540
5304,93,540,585
5305,93,585,630
5306,93,630,675
5307,93,675,720
5308,93,720,765
5309,93,765,810
5310,93,810,855
5311,93,855,900
5312,93,900,945
5313,93,945,990
5314,93,990,1035
5315,93,1035,1080
5316,93,1080,1125
5317,93,1125,1170
5318,93,1170,1215
5319,93,1215,1260
5320,93,1260,1305
5321,93,1305,1350
5322,93,1350,1395
5323,93,1395,1440
5324,93,1440,1485
5325,93,1485,1530
5326,93,1530,1575
5327,93,1575,1620
5328,93,1620,1665
5329,93,1665,1710
5330,93,1710,1755
5331,93,1755,1800
5332,93,1800,1845
5333,93,1845,1890
5334,93,1890,1935
5335,93,1935,1980
5336,93,1980,2025
5337,93,2025,2070
5338,93,2070,2115
5339,93,2115,2160
5340,93,2160,2205
5341,93,2205,2250
5342,93,2250,2295
5343,93,2295,2340
5344,93,2340,2385
5345,93,2385,2430
5346,93,2430,2475
5347,93,2475,2520
5348,93,2520,2565
5349,93,2565,2610
5350,93,2610,2655
5351,93,2655,2700
5352,93,2700,2745
5353,93,2745,2790
5354,93,2790,2835
5355,93,2835,2880
5356,93,2880,2925
5357,93,2925,2970
5358,93,2970,3015
5359,93,3015,3060
5360,93,3060,3105
5361,93,3105,3150
5362,93,3150,3195
5363,93,3195,3240
5364,93,3240,3285
5365,93,3285,3330
5366,93,3330,3375
5367,93,3375,3420
5368,93,3420,3465
5369,93,3465,3510
5370,93,3510,3555
5371,93,3555,3600
5372,93,3600,3645
5373,93,3645,3690
5374,94,0,45
5375,94,45,90
5376,94,90,135
5377,94,135,180
5378,94,180,225
5379,94,225,270
5380,94,270,315
5381,94,315,360
5382,94,360,405
5383,94,405,450
5384,94,450,495
5385,94,495,540
5386,94,540,585
5387,94,585,630
5388,94,630,675
5389,94,675,720
5390,94,720,765
5391,94,765,810
5392,94,810,855
5393,94,855,900
5394,94,900,945
5395,94,945,990
5396,94,990,1035
5397,94,1035,1080
5398,94,1080,1125
5399,94,1125,1170
5400,94,1170,1215
5401,94,1215,1260
5402,94,1260,1305
5403,94,1305,1350
5404,94,1350,1395
5405,94,1395,1440
5406,94,1440,1485
5407,94,1485,1530
5408,94,1530,1575
5409,94,1575,1620
5410,94,1620,1665
5411,94,1665,1710
5412,94,1710,1755
5413,94,1755,1800
5414,94,1800,1845
5415,94,1845,1890
5416,94,1890,1935
5417,94,1935,1980
5418,94,1980,2025
5419,94,2025,2070
5420,94,2070,2115
5421,94,2115,2160
5422,94,2160,2205
5423,94,2205,2250
5424,94,2250,2295
5425,94,2295,2340
5426,94,2340,2385
5427,94,2385,2430
5428,94,2430,2475
5429,94,2475,2520
5430,94,2520,2565
5431,94,2565,2610
5432,94,2610,2655
5433,95,0,45
5434,95,45,90
5435,95,90,135
5436,95,135,180
5437,95,180,225
5438,95,225,270
5439,95,270,315
5440,95,315,360
5441,95,360,405
5442,95,405,450
5443,95,450,495
5444,95,495,540
5445,95,540,585
5446,95,585,630
5447,95,630,675
5448,95,675,720
5449,95,720,765
5450,95,765,810
5451,95,810,855
5452,95,855,900
5453,95,900,945
5454,95,945,990
5455,95,990,1035
5456,95,1035,1080
5457,95,1080,1125
5458,95,1125,1170
5459,95,1170,1215
5460,95,1215,1260
5461,95,1260,1305
5462,95,1305,1350
5463,95,1350,1395
5464,95,1395,1440
5465,95,1440,1485
5466,95,1485,1530
5467,95,1530,1575
5468,95,1575,1620
5469,95,1620,1665
5470,95,1665,1710
5471,95,1710,1755
5472,95,1755,1800
5473,95,1800,1845
5474,95,1845,1890
5475,95,1890,1935
5476,95,1935,1980
5477,95,1980,2025
5478,95,2025,2070
5479,95,2070,2115
5480,95,2115,2160
5481,96,0,45
5482,96,45,90
5483,96,90,135
5484,96,135,180
5485,96,180,225
5486,96,225,270
5487,96,270,315
5488,96,315,360
5489,96,360,405
5490,96,405,450
5491,96,450,495
5492,96,495,540
5493,96,540,585
5494,96,585,630
5495,96,630,675
5496,96,675,720
5497,96,720,765
5498,96,765,810
5499,96,810,855
5500,96,855,900
5501,96,900,945
5502,96,945,990
5503,96,990,1035
5504,96,1035,1080
5505,96,1080,1125
5506,96,1125,1170
5507,96,1170,1215
5508,96,1215,1260
5509,96,1260,1305
5510,96,1305,1350
5511,96,1350,1395
5512,96,1395,1440
5513,96,1440,1485
5514,96,1485,1530
5515,96,1530,1575
5516,96,1575,1620
5517,96,1620,1665
5518,96,1665,1710
5519,96,1710,1755
5520,96,1755,1800
5521,96,1800,1845
5522,96,1845,1890
5523,96,1890,1935
5524,96,1935,1980
5525,96,1980,2025
5526,96,2025,2070
5527,96,2070,2115
5528,96,2115,2160
5529,96,2160,2205
5530,96,2205,2250
5531,96,2250,2295
5532,96,2295,2340
5533,96,2340,2385
5534,96,2385,2430
5535,96,2430,2475
5536,96,2475,2520
5537,96,2520,2565
5538,96,2565,2610
5539,96,2610,2655
5540,96,2655,2700
5541,96,2700,2745
5542,96,2745,2790
5543,96,2790,2835
5544,96,2835,2880
5545,96,2880,2925
5546,96,2925,2970
5547,96,2970,3015
5548,97,0,45
5549,97,45,90
5550,97,90,135
5551,97,135,180
5552,97,180,225
5553,97,225,270
5554,97,270,315
5555,97,315,360
5556,97,360,405
5557,97,405,450
5558,97,450,495
5559,97,495,540
5560,97,540,585
5561,97,585,630
5562,97,630,675
5563,97,675,720
5564,97,720,765
5565,97,765,810
5566,97,810,855
5567,98,0,45
5568,98,45,90
5569,98,90,135
5570,98,135,180
5571,98,180,225
5572,98,225,270
5573,99,0,45
5574,99,45,90
5575,99,90,135
5576,99,135,180
5577,99,180,225
5578,99,225,270
5579,99,270,315
5580,99,315,360
5581,99,360,405
5582,100,0,45
5583,100,45,90
5584,100,90,135
5585,100,135,180
5586,100,180,225
5587,100,225,270
5588,100,270,315
5589,100,315,360
5590,100,360,405
5591,101,0,45
5592,101,45,90
5593,101,90,135
5594,101,135,180
5595,101,180,225
5596,101,225,270
5597,101,270,315
5598,101,315,360
5599,101,360,405
5600,102,0,45
5601,102,45,90
5602,102,90,135
5603,102,135,180
5604,102,180,225
5605,102,225,270
5606,102,270,315
5607,102,315,360
5608,102,360,405
5609,102,405,450
5610,103,0,45
5611,103,45,90
5612,103,90,135
5613,103,135,180
5614,103,180,225
5615,103,225,270
5616,103,270,315
5617,103,315,360
5618,103,360,405
5619,103,405,450
5620,103,450,495
5621,105,0,45
5622,105,45,90
5623,105,90,135
5624,105,135,180
5625,105,180,225
5626,105,225,270
5627,106,0,45
5628,106,45,90
5629,106,90,135
5630,106,135,180
5631,106,180,225
5632,106,225,270
5633,106,270,315
5634,107,0,45
5635,107,45,90
5636,107,90,135
5637,107,135,180
5638,107,180,225
5639,107,225,270
5640,108,0,45
5641,108,45,90
5642,108,90,135
5643,108,135,180
5644,108,180,225
5645,108,225,270
5646,108,270,315
5647,108,315,360
5648,108,360,405
5649,109,0,45
5650,109,45,90
5651,109,90,135
5652,109,135,180
5653,109,180,225
5654,109,225,270
5655,109,270,315
5656,109,315,360
5657,109,360,405
5658,110,0,45
5659,110,45,90
5660,110,90,135
5661,110,135,180
5662,110,180,225
5663,110,225,270
5664,110,270,315
5665,110,315,360
5666,110,360,405
5667,110,405,450
5668,111,0,45
5669,111,45,90
5670,111,90,135
5671,111,135,180
5672,111,180,225
5673,111,225,270
5674,111,270,315
5675,111,315,360
5676,111,360,405
5677,111,405,450
5678,111,450,495
5679,111,495,540
5680,111,540,585
5681,111,585,630
5682,112,0,45
5683,112,45,90
5684,112,90,135
5685,112,135,180
5686,112,180,225
5687,112,225,270
5688,112,270,315
5689,112,315,360
5690,112,360,405
5691,112,405,450
5692,113,0,45
5693,113,45,90
5694,113,90,135
5695,113,135,180
5696,113,180,225
5697,113,225,270
5698,113,270,315
5699,113,315,360
5700,113,360,405
5701,113,405,450
5702,114,0,45
5703,114,45,90
5704,114,90,135
5705,114,135,180
5706,114,180,225
5707,114,225,270
5708,114,270,315
5709,114,315,360
5710,114,360,405
5711,114,405,450
5712,114,450,495
5713,115,0,45
5714,115,45,90
5715,115,90,135
5716,115,135,180
5717,115,180,225
5718,115,225,270
5719,115,270,315
5720,115,315,360
5721,115,360,405
5722,115,405,450
5723,115,450,495
5724,115,495,540
5725,115,540,585
5726,115,585,630
5727,116,0,45
5728,116,45,90
5729,116,90,135
5730,116,135,180
5731,116,180,225
5732,116,225,270
5733,116,270,315
5734,116,315,360
5735,116,360,405
5736,117,0,45
5737,117,45,90
5738,117,90,135
5739,117,135,180
5740,117,180,225
5741,117,225,270
5742,117,270,315
5743,117,315,360
5744,117,360,405
5745,117,405,450
5746,118,0,45
5747,118,45,90
5748,118,90,135
5749,118,135,180
5750,118,180,225
5751,118,225,270
5752,118,270,315
5753,118,315,360
5754,118,360,405
5755,118,405,450
5756,118,450,495
5757,118,495,540
5758,118,540,585
5759,118,585,630
5760,118,630,675
5761,118,675,720
5762,118,720,765
5763,118,765,810
5764,118,810,855
5765,118,855,900
5766,118,900,945
5767,118,945,990
5768,118,990,1035
5769,118,1035,1080
5770,118,1080,1125
5771,119,0,45
5772,119,45,90
5773,119,90,135
5774,119,135,180
5775,119,180,225
5776,119,225,270
5777,119,270,315
5778,119,315,360
5779,119,360,405
5780,119,405,450
5781,120,0,45
5782,120,45,90
5783,120,90,135
5784,120,135,180
5785,120,180,225
5786,120,225,270
5787,121,0,45
5788,121,45,90
5789,121,90,135
5790,121,135,180
5791,121,180,225
5792,121,225,270
5793,121,270,315
5794,122,0,45
5795,122,45,90
5796,122,90,135
5797,122,135,180
5798,122,180,225
5799,122,225,270
5800,122,270,315
5801,123,0,45
5802,123,45,90
5803,123,90,135
5804,123,135,180
5805,123,180,225
5806,123,225,270
5807,123,270,315
5808,123,315,360
5809,123,360,405
5810,123,405,450
5811,123,450,495
5812,123,495,540
5813,123,540,585
5814,123,585,630
5815,123,630,675
5816,123,675,720
5817,123,720,765
5818,123,765,810
5819,123,810,855
5820,123,855,900
5821,123,900,945
5822,123,945,990
5823,123,990,1035
5824,123,1035,1080
5825,123,1080,1125
5826,123,1125,1170
5827,123,1170,1215
5828,123,1215,1260
5829,123,1260,1305
5830,123,1305,1350
5831,123,1350,1395
5832,123,1395,1440
5833,123,1440,1485
5834,123,1485,1530
5835,123,1530,1575
5836,123,1575,1620
5837,123,1620,1665
5838,123,1665,1710
5839,123,1710,1755
5840,123,1755,1800
